Id,Type,ProductionPrice,SellingPrice,Stock,Sales
0,47,0.0,183.6339,1516,18
1,30,0.0,18.346882,13,1483
2,44,0.0,4.4920154,0,1488
3,33,0.0,183.93686,1468,13
4,33,0.0,89.61528,42,1449
5,47,0.0,206.18336,1455,15
6,12,0.0,33.074066,31,1507
7,10,0.0,8.41351,0,1517
8,42,0.0,29.241703,0,1452
9,5,0.0,208.45045,1466,15
10,10,0.0,67.14788,0,0
11,37,0.0,34.13793,1380,135
12,40,0.0,31.106281,21,1443
13,19,0.0,41.892082,15,1493
14,5,0.0,15.997453,0,1543
15,49,0.0,21.690193,0,1465
16,47,0.0,14.074162,0,1480
17,36,0.0,35.369617,1486,68
18,22,0.0,51.96254,1492,1
19,30,0.0,35.57886,1452,55
20,27,0.0,30.354815,0,0
21,9,0.0,166.5225,1468,18
22,28,0.0,52.77994,1508,15
23,19,0.0,63.65944,1467,63
24,7,0.0,17.521912,0,1510
25,37,0.0,56.639496,1487,2
26,19,0.0,57.454998,1219,224
27,19,0.0,61.373318,1408,128
28,7,0.0,87.88267,1326,151
29,22,0.0,28.61355,1124,347
30,18,0.0,56.76393,0,1503
31,35,0.0,184.93059,1453,17
32,30,0.0,24.52419,28,1478
33,43,0.0,122.94752,1428,58
34,37,0.0,13.924184,0,1475
35,24,0.0,40.51057,1448,9
36,41,0.0,7.853244,0,1497
37,36,0.0,23.649595,28,1457
38,14,0.0,12.191782,0,1463
39,37,0.0,40.495434,1469,31
40,25,0.0,197.54698,1491,12
41,40,0.0,43.417206,672,811
42,13,0.0,46.4208,549,883
43,18,0.0,130.79364,1463,26
44,10,0.0,34.448303,1361,164
45,14,0.0,54.373924,1364,168
46,37,0.0,34.53786,1389,126
47,34,0.0,6.9908805,0,0
48,46,0.0,189.11327,1461,18
49,43,0.0,19.83143,0,1479
50,36,0.0,21.189503,24,1483
51,44,0.0,49.991764,5,1541
52,29,0.0,71.10501,20,1462
53,24,0.0,18.418613,24,1455
54,30,0.0,16.186438,0,1500
55,23,0.0,131.45612,1512,13
56,48,0.0,70.216354,270,1241
57,46,0.0,207.03944,1545,11
58,39,0.0,6.801408,487,1045
59,48,0.0,125.017166,1427,15
60,9,0.0,38.41883,0,1501
61,2,0.0,89.95407,1430,33
62,44,0.0,103.96825,1472,23
63,24,0.0,11.360374,0,1495
64,49,0.0,44.582275,1169,357
65,14,0.0,41.0015,26,1481
66,24,0.0,8.968139,0,1468
67,48,0.0,86.54704,1381,115
68,25,0.0,64.63892,16,1456
69,24,0.0,15.661545,3,1485
70,32,0.0,3.7603226,0,1494
71,33,0.0,243.07153,1472,6
72,23,0.0,114.19408,1463,13
73,31,0.0,26.039988,0,1471
74,48,0.0,68.93187,43,1439
75,46,0.0,176.2655,1475,24
76,23,0.0,61.964592,27,1473
77,29,0.0,53.691174,2,1511
78,3,0.0,40.09267,0,1529
79,20,0.0,142.24942,1428,8
80,19,0.0,52.510597,91,1457
81,15,0.0,45.124954,39,1464
82,37,0.0,6.045623,0,1520
83,44,0.0,37.757027,0,1494
84,35,0.0,51.676823,3,1494
85,39,0.0,4.5113754,0,1546
86,27,0.0,20.318983,1,1513
87,45,0.0,202.40007,1496,6
88,28,0.0,57.364075,1513,2
89,42,0.0,88.698044,1290,238
90,38,0.0,246.10484,1487,8
91,42,0.0,107.190605,1491,16
92,38,0.0,48.716953,1,1526
93,35,0.0,83.9535,14,1485
94,37,0.0,33.963398,1304,157
95,27,0.0,54.716743,321,1167
96,31,0.0,93.940674,1104,374
97,36,0.0,9.169574,0,1567
98,40,0.0,28.274572,0,1522
99,0,0.0,6.7434278,0,1504
100,6,0.0,140.15916,1314,205
101,33,0.0,202.05832,1461,14
102,1,0.0,40.64059,38,1484
103,13,0.0,43.878998,69,1389
104,43,0.0,63.376865,1,1527
105,31,0.0,144.05695,1430,60
106,47,0.0,198.85616,1478,12
107,29,0.0,28.570032,0,0
108,26,0.0,50.307026,20,1480
109,17,0.0,2.3585355,0,1492
110,40,0.0,52.925877,1440,61
111,35,0.0,105.86363,35,1464
112,17,0.0,82.84051,36,1463
113,33,0.0,116.32203,1042,435
114,37,0.0,0.90634024,0,1513
115,36,0.0,14.073585,0,1509
116,43,0.0,177.32632,1477,5
117,9,0.0,198.84007,1523,1
118,4,0.0,15.356285,0,1453
119,30,0.0,41.2751,1466,19
120,20,0.0,80.04612,1212,285
121,10,0.0,6.5290875,0,1477
122,25,0.0,126.68574,1289,198
123,11,0.0,23.19925,0,1491
124,17,0.0,21.698246,0,1461
125,14,0.0,0.796862,0,1520
126,42,0.0,174.03482,1517,3
127,7,0.0,55.87251,21,1467
128,12,0.0,75.72818,1523,0
129,42,0.0,160.1312,1493,6
130,43,0.0,166.1711,1482,14
131,15,0.0,63.07093,1459,66
132,37,0.0,16.128283,0,1476
133,40,0.0,53.406403,1416,71
134,1,0.0,92.806984,0,0
135,0,0.0,147.48924,1471,44
136,33,0.0,175.7551,1404,65
137,22,0.0,19.164904,10,1475
138,5,0.0,173.63403,1475,11
139,6,0.0,188.47685,1483,14
140,1,0.0,8.36993,0,1560
141,46,0.0,175.5109,1522,33
142,0,0.0,220.26894,1514,9
143,40,0.0,7.9385314,0,1500
144,22,0.0,31.263962,1318,175
145,47,0.0,103.87095,35,1470
146,14,0.0,41.892525,24,1461
147,9,0.0,120.76818,1204,289
148,30,0.0,17.907665,2,1491
149,20,0.0,4.6758866,0,1511
150,34,0.0,16.096087,29,1468
151,29,0.0,111.97193,1398,92
152,9,0.0,126.3457,1448,85
153,49,0.0,20.111137,0,1487
154,8,0.0,66.78026,1309,154
155,4,0.0,212.76797,1503,7
156,17,0.0,141.8006,1460,57
157,24,0.0,37.284462,1441,13
158,16,0.0,78.00312,38,1450
159,21,0.0,118.48972,1453,60
160,15,0.0,29.210331,0,1471
161,11,0.0,3.2402222,0,1525
162,2,0.0,103.36391,1501,12
163,18,0.0,190.11513,1487,1
164,13,0.0,59.258434,1440,49
165,29,0.0,153.78865,1496,21
166,39,0.0,7.289778,1271,235
167,19,0.0,63.810886,1485,61
168,16,0.0,13.010279,0,1520
169,22,0.0,32.2047,1426,86
170,24,0.0,47.696285,1485,0
171,5,0.0,151.94781,1432,42
172,35,0.0,180.80573,1533,15
173,11,0.0,10.986022,0,1460
174,26,0.0,135.27411,1501,16
175,27,0.0,18.926521,0,1474
176,11,0.0,88.785614,1454,17
177,28,0.0,22.608677,1,1521
178,47,0.0,89.27445,28,1467
179,47,0.0,58.402943,0,1511
180,1,0.0,10.999162,0,1496
181,43,0.0,30.522594,0,1523
182,48,0.0,92.13806,1436,34
183,44,0.0,56.59582,37,1457
184,14,0.0,3.5370822,0,0
185,12,0.0,43.648994,1378,60
186,45,0.0,203.84511,1427,8
187,6,0.0,85.990685,20,1471
188,25,0.0,77.67386,25,1463
189,1,0.0,90.462234,0,0
190,36,0.0,31.173813,1267,223
191,48,0.0,18.13616,0,1508
192,40,0.0,50.297997,1243,237
193,22,0.0,16.96492,5,1571
194,17,0.0,85.562515,35,1462
195,18,0.0,191.19995,1501,1
196,16,0.0,141.65527,1377,88
197,44,0.0,75.01895,1034,411
198,19,0.0,81.4436,1428,28
199,9,0.0,129.14696,1439,78
200,18,0.0,106.59538,1398,128
201,38,0.0,146.98683,1435,59
202,30,0.0,26.043036,1228,236
203,49,0.0,45.873917,1265,201
204,2,0.0,36.377304,8,1540
205,22,0.0,24.165848,26,1472
206,33,0.0,70.976746,2,1562
207,21,0.0,154.44093,1501,12
208,5,0.0,119.70409,1264,236
209,22,0.0,7.6529655,0,1462
210,29,0.0,174.07837,1493,7
211,17,0.0,164.04298,1459,11
212,39,0.0,6.204955,20,1492
213,37,0.0,59.070972,1494,0
214,17,0.0,158.95648,1456,13
215,44,0.0,33.53148,0,1519
216,20,0.0,86.72427,1317,171
217,12,0.0,57.882042,1482,10
218,7,0.0,34.980526,0,1498
219,44,0.0,19.906435,0,1507
220,30,0.0,0.48051333,0,1496
221,29,0.0,145.83443,1499,31
222,43,0.0,200.60194,1486,0
223,11,0.0,78.67528,1469,25
224,24,0.0,41.987206,1522,6
225,48,0.0,47.759834,0,1496
226,1,0.0,7.815636,0,1517
227,22,0.0,23.01869,31,1519
228,21,0.0,11.969787,0,1483
229,42,0.0,95.90858,1414,92
230,20,0.0,9.715041,0,1542
231,12,0.0,74.88862,1474,0
232,34,0.0,16.656801,633,889
233,6,0.0,232.11078,1571,0
234,8,0.0,83.65847,1482,23
235,45,0.0,153.60681,1457,57
236,35,0.0,91.57968,39,1485
237,26,0.0,106.42491,1316,125
238,26,0.0,119.75109,1519,29
239,34,0.0,15.067276,9,1512
240,21,0.0,46.361473,7,1454
241,48,0.0,43.200756,0,1480
242,7,0.0,144.70224,1465,8
243,32,0.0,81.14434,1277,255
244,0,0.0,150.19681,1482,19
245,45,0.0,192.9908,1481,22
246,24,0.0,31.847881,1420,72
247,7,0.0,54.59524,0,1500
248,44,0.0,0.27165467,0,1519
249,26,0.0,34.236607,1,1536
250,5,0.0,83.50637,0,1499
251,39,0.0,8.331618,1498,11
252,40,0.0,68.86784,1503,13
253,41,0.0,98.33768,1488,11
254,9,0.0,32.44686,0,1507
255,11,0.0,47.493298,20,1476
256,30,0.0,12.903516,0,1491
257,16,0.0,114.41071,0,0
258,3,0.0,200.69946,1526,15
259,23,0.0,54.006104,3,1530
260,44,0.0,106.51656,1484,20
261,44,0.0,19.494555,0,1542
262,26,0.0,50.051483,3,1526
263,41,0.0,43.204773,1,1482
264,18,0.0,95.06811,1172,336
265,6,0.0,104.89167,30,1465
266,22,0.0,39.584305,1533,5
267,0,0.0,221.83357,1544,9
268,2,0.0,108.88368,1439,11
269,33,0.0,2.9339762,0,1511
270,39,0.0,6.131976,25,1509
271,13,0.0,36.62166,28,1501
272,18,0.0,65.10022,19,1473
273,2,0.0,79.081795,1385,63
274,4,0.0,115.83879,1364,127
275,49,0.0,69.271484,1534,4
276,36,0.0,39.015915,1526,26
277,47,0.0,118.83208,1207,336
278,46,0.0,53.29855,0,1481
279,20,0.0,123.08965,1487,16
280,29,0.0,86.524055,29,1460
281,47,0.0,44.800694,0,1495
282,26,0.0,72.5212,44,1453
283,4,0.0,87.264725,38,1449
284,19,0.0,1.1132523,0,1526
285,22,0.0,48.620304,1513,0
286,12,0.0,55.19879,1519,8
287,43,0.0,68.76121,26,1489
288,15,0.0,51.305435,1086,471
289,5,0.0,104.42849,36,1422
290,34,0.0,21.314053,1448,62
291,12,0.0,34.69079,1078,381
292,2,0.0,69.01645,1375,98
293,35,0.0,212.08986,1485,8
294,48,0.0,14.703787,0,1505
295,12,0.0,38.697105,1209,275
296,1,0.0,35.489235,33,1509
297,3,0.0,33.315456,0,1469
298,39,0.0,7.3798375,1324,143
299,12,0.0,46.416664,1423,68
300,41,0.0,100.05433,1540,23
301,36,0.0,31.77702,1304,159
302,45,0.0,140.98935,1198,269
303,46,0.0,135.85472,1313,213
304,13,0.0,24.0993,1,1440
305,7,0.0,145.88872,1512,9
306,39,0.0,0.11946429,0,1477
307,14,0.0,33.91468,4,1502
308,14,0.0,60.75565,1353,116
309,22,0.0,45.004597,1487,2
310,26,0.0,48.952198,2,1473
311,38,0.0,56.36905,6,1489
312,2,0.0,112.225815,1491,5
313,34,0.0,8.988602,0,1504
314,47,0.0,89.92821,34,1474
315,0,0.0,166.34456,1421,17
316,4,0.0,91.58077,39,1451
317,11,0.0,132.99849,1459,12
318,25,0.0,52.30294,7,1496
319,36,0.0,23.803589,236,1315
320,15,0.0,4.1256547,0,1530
321,44,0.0,5.3760443,0,1560
322,48,0.0,115.42327,1471,17
323,28,0.0,30.654074,27,1474
324,47,0.0,175.0556,1406,58
325,12,0.0,3.527572,0,1520
326,4,0.0,26.517078,0,1489
327,12,0.0,6.0080805,0,1522
328,19,0.0,93.467255,1491,7
329,10,0.0,53.17351,1530,6
330,19,0.0,26.95123,0,1497
331,24,0.0,25.158634,533,985
332,21,0.0,137.0675,1497,14
333,7,0.0,72.09951,1012,465
334,2,0.0,88.48222,1457,65
335,12,0.0,49.60857,1472,27
336,8,0.0,39.219257,8,1467
337,17,0.0,109.41237,1299,223
338,15,0.0,60.610134,1449,68
339,28,0.0,12.680389,0,1539
340,3,0.0,125.33863,1357,156
341,30,0.0,13.584965,0,1526
342,49,0.0,74.96059,1459,5
343,26,0.0,84.46647,687,840
344,16,0.0,100.60204,1095,411
345,5,0.0,124.97944,1396,121
346,17,0.0,175.65202,1482,10
347,28,0.0,1.884056,0,1450
348,37,0.0,38.297523,1406,61
349,49,0.0,54.660107,1455,34
350,26,0.0,27.900244,0,0
351,15,0.0,5.490689,0,1497
352,6,0.0,188.68344,1465,12
353,24,0.0,42.567986,1487,0
354,10,0.0,1.9694269,0,1478
355,0,0.0,168.9084,1413,9
356,42,0.0,33.16515,0,1468
357,46,0.0,79.647316,0,1513
358,43,0.0,149.90486,1477,14
359,44,0.0,37.952282,0,1513
360,39,0.0,5.1840267,0,1455
361,26,0.0,7.640754,0,1477
362,25,0.0,118.227356,1156,348
363,28,0.0,15.499085,0,1493
364,36,0.0,15.875987,0,1557
365,1,0.0,13.599169,0,1525
366,11,0.0,23.731268,0,1482
367,29,0.0,132.49493,1476,66
368,27,0.0,59.02234,1148,344
369,13,0.0,62.41413,1476,26
370,35,0.0,99.17287,0,0
371,35,0.0,169.05098,1461,43
372,42,0.0,145.83647,1506,10
373,34,0.0,22.834011,1477,35
374,24,0.0,40.180878,1519,10
375,23,0.0,108.09995,1493,22
376,12,0.0,3.3084645,0,1509
377,9,0.0,31.5773,0,1574
378,35,0.0,72.52365,0,0
379,45,0.0,57.415028,0,1505
380,40,0.0,14.781257,0,1514
381,39,0.0,7.388697,1479,61
382,39,0.0,0.6621723,0,1536
383,45,0.0,164.15555,1479,35
384,7,0.0,71.59955,713,755
385,34,0.0,20.398134,1429,69
386,34,0.0,17.083218,1021,461
387,13,0.0,58.05741,1408,65
388,37,0.0,40.30099,1468,29
389,22,0.0,1.8937633,0,1553
390,27,0.0,6.9722347,0,1524
391,29,0.0,65.554276,8,1500
392,41,0.0,68.61205,150,1355
393,49,0.0,5.42216,0,1539
394,9,0.0,67.73521,0,0
395,17,0.0,137.19292,1445,70
396,24,0.0,43.401466,1478,1
397,0,0.0,23.79893,0,1531
398,5,0.0,198.8464,1490,19
399,6,0.0,103.659966,0,0
400,25,0.0,51.205765,1,1527
401,11,0.0,133.67136,1457,10
402,35,0.0,90.026436,21,1528
403,30,0.0,20.352074,28,1535
404,20,0.0,70.507324,951,612
405,35,0.0,134.61395,1146,364
406,4,0.0,193.17734,1502,14
407,32,0.0,3.05784,0,1482
408,9,0.0,36.230392,0,1485
409,8,0.0,29.58597,0,1470
410,28,0.0,46.4448,1489,20
411,6,0.0,69.17001,1,1488
412,42,0.0,117.573296,1510,12
413,36,0.0,33.191208,1428,67
414,49,0.0,71.91923,1465,9
415,35,0.0,108.02853,0,0
416,30,0.0,33.219395,1481,74
417,27,0.0,63.651634,1421,114
418,49,0.0,16.760582,0,1500
419,1,0.0,64.55035,0,0
420,45,0.0,196.78633,1508,17
421,1,0.0,73.61544,1462,26
422,45,0.0,143.3415,1364,138
423,4,0.0,99.788246,1032,485
424,40,0.0,13.516435,0,1503
425,22,0.0,38.154583,1504,9
426,38,0.0,105.80637,1334,217
427,34,0.0,9.092644,0,1470
428,34,0.0,7.5398793,0,1469
429,25,0.0,201.51535,1496,9
430,21,0.0,26.456837,0,1499
431,1,0.0,16.297657,0,1489
432,30,0.0,31.519384,1399,119
433,12,0.0,79.267975,1426,0
434,13,0.0,77.701294,1450,18
435,7,0.0,93.45108,1434,67
436,6,0.0,170.08224,1504,12
437,34,0.0,7.5885506,0,1503
438,16,0.0,221.80254,1523,26
439,27,0.0,13.57695,0,1474
440,22,0.0,52.03643,1510,0
441,37,0.0,8.868028,0,1566
442,23,0.0,60.206787,0,0
443,17,0.0,107.14026,1011,466
444,6,0.0,58.45867,0,1447
445,7,0.0,77.60805,1229,197
446,37,0.0,62.541027,1485,0
447,38,0.0,11.442617,0,1444
448,17,0.0,149.7863,1501,23
449,14,0.0,35.46466,17,1465
450,30,0.0,4.0275817,0,1477
451,44,0.0,93.97036,1469,29
452,19,0.0,2.6061745,0,1500
453,13,0.0,8.401993,0,1510
454,5,0.0,134.09381,1456,51
455,28,0.0,40.150436,1396,102
456,8,0.0,69.027885,1440,118
457,35,0.0,230.13654,1489,5
458,20,0.0,54.141293,0,1504
459,22,0.0,37.148304,1471,29
460,20,0.0,141.18123,1509,9
461,28,0.0,28.182468,42,1430
462,28,0.0,32.56247,424,1056
463,21,0.0,105.26382,1418,120
464,12,0.0,60.692547,1494,13
465,4,0.0,197.77298,1510,13
466,44,0.0,74.92267,191,1320
467,19,0.0,101.35216,1530,6
468,21,0.0,121.79054,1489,12
469,31,0.0,40.404987,0,1516
470,40,0.0,15.405655,0,1479
471,7,0.0,4.068105,0,1469
472,46,0.0,32.821243,0,1550
473,3,0.0,106.82333,1229,287
474,23,0.0,38.308403,2,1477
475,36,0.0,16.653086,0,1492
476,5,0.0,162.54832,1458,15
477,33,0.0,218.17216,1496,15
478,4,0.0,89.33926,29,1441
479,10,0.0,32.112015,280,1192
480,21,0.0,40.01728,0,1538
481,18,0.0,111.53457,1390,93
482,32,0.0,140.35191,1508,13
483,35,0.0,250.31111,1480,6
484,28,0.0,12.65962,0,1501
485,12,0.0,24.508436,0,1513
486,4,0.0,182.28464,1531,10
487,39,0.0,0.76248354,0,1480
488,12,0.0,13.220298,0,1493
489,27,0.0,59.92279,1225,247
490,26,0.0,78.45572,72,1451
491,33,0.0,123.95333,1304,202
492,7,0.0,123.374176,1449,10
493,0,0.0,202.04137,1495,11
494,47,0.0,0.3869978,0,1494
495,12,0.0,14.32122,0,1485
496,12,0.0,80.3949,1479,0
497,4,0.0,32.95056,0,1552
498,20,0.0,122.95759,1470,16
499,18,0.0,191.3579,1516,0
500,12,0.0,40.667484,1358,157
501,26,0.0,0.3413144,0,1484
502,30,0.0,32.649677,1357,118
503,38,0.0,164.24014,1455,19
504,20,0.0,12.166756,0,1511
505,39,0.0,7.8331227,1452,29
506,41,0.0,96.45425,1519,26
507,28,0.0,31.582943,35,1467
508,44,0.0,79.1243,1270,205
509,3,0.0,41.497868,0,1559
510,43,0.0,64.25145,0,0
511,47,0.0,107.33567,322,1212
512,29,0.0,146.18158,1441,25
513,22,0.0,37.818733,1486,40
514,1,0.0,59.276127,1407,73
515,15,0.0,5.0906086,0,1489
516,34,0.0,12.8070545,2,1501
517,31,0.0,64.57222,23,1518
518,0,0.0,146.87007,1481,70
519,38,0.0,64.478745,30,1528
520,28,0.0,44.020336,1446,46
521,37,0.0,16.387547,0,1476
522,25,0.0,214.12695,1496,5
523,20,0.0,8.586051,0,1529
524,21,0.0,4.0351,0,1489
525,20,0.0,123.77796,1476,12
526,42,0.0,66.06408,28,1436
527,29,0.0,166.05867,1518,13
528,15,0.0,50.386456,560,953
529,25,0.0,147.53001,1417,64
530,17,0.0,24.143824,0,1484
531,11,0.0,71.63824,1356,114
532,40,0.0,63.655964,1509,11
533,16,0.0,236.02504,1457,22
534,45,0.0,163.66333,1447,53
535,17,0.0,187.03851,1489,9
536,19,0.0,44.678886,30,1447
537,8,0.0,94.3745,1453,12
538,20,0.0,67.197975,32,1491
539,13,0.0,52.63483,1457,69
540,0,0.0,77.28789,0,0
541,24,0.0,3.048809,0,1467
542,25,0.0,152.36049,1476,23
543,4,0.0,50.490677,0,1467
544,36,0.0,0.5104813,0,1530
545,29,0.0,88.755394,39,1456
546,10,0.0,9.961366,0,1507
547,37,0.0,16.095947,0,1430
548,22,0.0,10.197458,0,1518
549,22,0.0,40.14975,1441,3
550,41,0.0,104.9472,1495,14
551,11,0.0,46.30828,5,1506
552,29,0.0,29.3028,1,1456
553,12,0.0,62.72753,1498,5
554,4,0.0,151.73131,1473,20
555,43,0.0,139.41777,1492,19
556,9,0.0,1.4280257,0,1555
557,7,0.0,82.70421,1322,175
558,34,0.0,10.022001,0,1545
559,18,0.0,129.84969,1455,59
560,32,0.0,23.545795,0,1461
561,20,0.0,81.07563,0,0
562,24,0.0,21.637106,29,1468
563,17,0.0,122.39929,1339,167
564,40,0.0,10.867632,0,1535
565,5,0.0,59.85298,0,1494
566,24,0.0,1.8103986,0,1511
567,13,0.0,77.31208,1482,17
568,16,0.0,63.221786,4,1502
569,45,0.0,198.09094,1475,11
570,7,0.0,9.643046,0,1520
571,19,0.0,15.620425,0,0
572,30,0.0,33.991886,1406,71
573,13,0.0,48.354084,0,0
574,16,0.0,158.4532,1461,58
575,30,0.0,24.805494,82,1478
576,24,0.0,25.662367,1091,378
577,4,0.0,93.808105,42,1419
578,37,0.0,29.788887,31,1505
579,7,0.0,181.85675,1421,15
580,16,0.0,15.142628,0,1515
581,27,0.0,20.053516,0,1504
582,2,0.0,68.45424,1366,168
583,15,0.0,55.544323,1395,145
584,5,0.0,200.20822,1481,18
585,44,0.0,81.90185,1357,170
586,43,0.0,141.25917,1487,19
587,23,0.0,106.37416,1450,70
588,28,0.0,2.968145,0,1498
589,23,0.0,116.40756,1518,14
590,27,0.0,65.227234,0,0
591,40,0.0,2.1383028,0,1523
592,25,0.0,147.82172,1433,53
593,31,0.0,49.73868,0,0
594,28,0.0,55.02087,1482,16
595,11,0.0,70.050995,1409,114
596,15,0.0,3.418831,0,1471
597,1,0.0,27.075077,3,1461
598,10,0.0,60.1126,1450,10
599,27,0.0,31.265238,2,1472
600,24,0.0,17.751978,14,1484
601,19,0.0,3.0578349,0,1492
602,39,0.0,8.42178,1459,1
603,33,0.0,12.24492,0,1490
604,13,0.0,51.859005,1363,119
605,13,0.0,50.51402,1324,213
606,6,0.0,154.22966,1431,72
607,34,0.0,8.029995,0,1531
608,35,0.0,126.47265,654,844
609,28,0.0,10.156027,0,1436
610,39,0.0,1.4541256,0,1513
611,45,0.0,37.652573,0,1480
612,19,0.0,62.27168,1451,84
613,9,0.0,145.63528,1492,14
614,43,0.0,158.5435,1483,13
615,41,0.0,32.972164,0,1470
616,39,0.0,6.9055767,1022,492
617,38,0.0,84.054535,42,1432
618,1,0.0,34.727448,9,1506
619,42,0.0,168.55727,1521,2
620,7,0.0,93.39886,1391,81
621,23,0.0,88.55756,1400,104
622,46,0.0,72.051956,0,1463
623,49,0.0,50.74547,1373,78
624,30,0.0,4.8859377,0,1506
625,43,0.0,46.303753,2,1474
626,24,0.0,50.459175,1480,0
627,27,0.0,14.0807,0,1492
628,46,0.0,107.767784,0,0
629,17,0.0,225.84105,1562,6
630,32,0.0,87.39704,1367,168
631,35,0.0,200.35072,1493,12
632,6,0.0,212.93256,1483,11
633,31,0.0,52.763214,3,1490
634,15,0.0,52.971867,1291,177
635,6,0.0,228.84361,1469,11
636,18,0.0,95.1979,1299,180
637,29,0.0,104.18185,1280,226
638,44,0.0,35.95267,0,1487
639,27,0.0,68.55493,1387,64
640,12,0.0,56.971596,1473,8
641,4,0.0,26.774532,0,1529
642,25,0.0,150.5453,1508,26
643,28,0.0,34.20807,1123,320
644,33,0.0,145.59505,1423,62
645,17,0.0,49.53699,0,1523
646,0,0.0,64.09912,19,1487
647,6,0.0,25.173477,0,1514
648,33,0.0,252.41864,1471,5
649,2,0.0,3.5038192,0,1476
650,34,0.0,15.920627,30,1443
651,42,0.0,6.5574126,0,1518
652,38,0.0,268.31982,1497,3
653,1,0.0,4.419722,0,1480
654,2,0.0,44.37519,27,1521
655,10,0.0,28.39526,19,1434
656,36,0.0,22.01066,26,1492
657,40,0.0,35.343124,26,1474
658,7,0.0,170.15668,1508,6
659,18,0.0,223.39752,1492,1
660,34,0.0,12.800138,0,1550
661,23,0.0,109.71501,1493,19
662,25,0.0,203.53728,1445,9
663,49,0.0,68.07713,1501,22
664,13,0.0,24.820135,1,1449
665,9,0.0,147.28082,0,0
666,16,0.0,87.71633,39,1489
667,47,0.0,187.7155,1493,17
668,36,0.0,17.048239,1,1497
669,40,0.0,33.404533,0,0
670,0,0.0,28.62144,0,1515
671,24,0.0,44.359177,1498,1
672,49,0.0,26.627644,0,1479
673,7,0.0,138.555,1495,13
674,42,0.0,94.00265,1374,133
675,3,0.0,67.431564,31,1460
676,33,0.0,7.2390766,0,1503
677,32,0.0,65.97983,38,1510
678,8,0.0,2.1140296,0,1474
679,13,0.0,25.141008,2,1560
680,46,0.0,64.419846,0,1484
681,3,0.0,179.25305,0,0
682,23,0.0,94.51538,1445,60
683,26,0.0,119.07146,1460,63
684,40,0.0,44.506977,1103,382
685,6,0.0,160.7573,1483,25
686,22,0.0,8.782315,0,1533
687,43,0.0,157.00024,1504,17
688,15,0.0,0.25443262,0,1493
689,47,0.0,4.1302223,0,0
690,38,0.0,241.2751,0,0
691,44,0.0,123.52629,1490,3
692,16,0.0,3.2839293,0,1546
693,1,0.0,69.76453,1480,34
694,16,0.0,16.526237,0,1529
695,10,0.0,33.367012,1124,358
696,10,0.0,2.0306904,0,1487
697,22,0.0,44.005238,1447,1
698,41,0.0,34.696724,0,1466
699,33,0.0,132.38828,1338,180
700,3,0.0,91.855,0,0
701,45,0.0,67.73666,4,1448
702,4,0.0,51.633896,2,1528
703,4,0.0,164.81876,0,0
704,42,0.0,110.78131,1536,15
705,30,0.0,32.906708,1369,100
706,42,0.0,177.58904,1464,5
707,23,0.0,81.93066,1345,190
708,49,0.0,19.4391,0,1499
709,23,0.0,143.83592,0,0
710,25,0.0,32.683548,0,1508
711,45,0.0,89.05488,25,1487
712,4,0.0,178.85469,1506,11
713,18,0.0,81.324905,901,616
714,4,0.0,154.71922,1477,20
715,18,0.0,144.33232,1467,19
716,47,0.0,152.0849,1446,61
717,30,0.0,1.4563059,0,1483
718,32,0.0,0.56145453,0,1485
719,33,0.0,143.37259,0,0
720,41,0.0,34.2688,0,1546
721,40,0.0,7.877889,0,1477
722,29,0.0,106.99169,1314,172
723,34,0.0,18.63617,1356,112
724,40,0.0,64.473236,1494,14
725,40,0.0,9.137145,0,1454
726,38,0.0,149.93245,1457,18
727,44,0.0,100.85228,1510,19
728,44,0.0,86.9345,1405,57
729,22,0.0,35.703144,1410,65
730,33,0.0,62.927925,1,1479
731,3,0.0,56.714172,3,1492
732,23,0.0,77.203995,1149,342
733,19,0.0,32.834965,3,1517
734,17,0.0,157.41501,1473,21
735,0,0.0,186.25618,1476,8
736,6,0.0,205.16187,1499,10
737,46,0.0,153.54648,1341,111
738,8,0.0,4.58325,0,1495
739,15,0.0,46.978344,91,1397
740,38,0.0,93.696304,251,1242
741,41,0.0,93.04313,1423,71
742,8,0.0,48.66562,25,1446
743,20,0.0,76.354164,996,471
744,36,0.0,38.127056,1397,61
745,38,0.0,137.0102,1440,70
746,42,0.0,52.21285,1,1512
747,2,0.0,74.54427,1421,61
748,22,0.0,32.723312,1452,71
749,16,0.0,258.8287,0,0
750,23,0.0,114.129395,1488,10
751,16,0.0,49.3211,3,1474
752,21,0.0,24.814377,0,0
753,48,0.0,76.23129,1147,381
754,14,0.0,31.59927,0,1500
755,30,0.0,41.060356,1450,16
756,6,0.0,119.0255,250,1190
757,44,0.0,84.78263,1441,64
758,20,0.0,146.79033,1479,0
759,17,0.0,122.40535,1347,151
760,32,0.0,58.376663,32,1453
761,48,0.0,88.51672,1463,72
762,0,0.0,73.13354,36,1474
763,18,0.0,4.540021,0,0
764,5,0.0,17.270866,0,1498
765,7,0.0,104.043915,1445,19
766,8,0.0,22.707838,0,1526
767,9,0.0,85.389114,39,1417
768,2,0.0,31.635206,1,1545
769,44,0.0,108.21556,1455,12
770,42,0.0,14.3274355,0,1558
771,18,0.0,19.963398,1,1493
772,13,0.0,16.492655,0,1487
773,27,0.0,43.768364,12,1446
774,43,0.0,210.05058,1505,1
775,46,0.0,174.71779,1438,63
776,46,0.0,129.26605,0,0
777,17,0.0,125.66201,1450,59
778,7,0.0,64.2737,41,1462
779,37,0.0,20.309229,3,1523
780,46,0.0,94.867096,1,1517
781,2,0.0,82.58548,1434,54
782,35,0.0,51.649445,1,1439
783,49,0.0,63.113773,1482,17
784,26,0.0,78.64395,135,1411
785,43,0.0,38.186623,0,1462
786,24,0.0,24.020714,30,1433
787,48,0.0,118.62126,1507,15
788,27,0.0,53.015137,35,1473
789,31,0.0,72.42669,60,1454
790,49,0.0,75.54364,1506,4
791,22,0.0,40.05559,1451,4
792,29,0.0,17.743063,0,1489
793,27,0.0,13.643063,0,1518
794,38,0.0,51.619774,6,1487
795,3,0.0,55.696266,0,1470
796,31,0.0,65.80988,25,1453
797,38,0.0,248.08737,1503,3
798,34,0.0,25.197311,1476,33
799,40,0.0,51.652863,1468,86
800,11,0.0,111.660645,1518,19
801,49,0.0,19.125097,0,1512
802,31,0.0,160.25476,1471,17
803,43,0.0,136.97656,1471,23
804,21,0.0,79.58686,299,1214
805,12,0.0,47.508026,1459,63
806,23,0.0,135.10918,1507,10
807,16,0.0,74.10355,22,1485
808,49,0.0,66.96289,0,0
809,19,0.0,58.341045,1334,122
810,48,0.0,114.79395,1513,15
811,43,0.0,105.18596,1204,285
812,34,0.0,0.9751587,0,1505
813,41,0.0,76.61458,1017,474
814,33,0.0,57.272903,1,1502
815,42,0.0,48.39888,0,1478
816,9,0.0,14.848896,0,1464
817,8,0.0,6.431091,0,1466
818,23,0.0,24.208248,0,1456
819,17,0.0,77.50525,5,1451
820,10,0.0,21.08773,7,1462
821,32,0.0,96.02077,1474,77
822,11,0.0,79.855896,1508,20
823,4,0.0,129.70575,1413,51
824,8,0.0,9.276554,0,1495
825,32,0.0,130.68158,1583,11
826,26,0.0,139.74489,1489,20
827,7,0.0,57.640575,22,1496
828,35,0.0,237.22862,1537,7
829,15,0.0,55.58384,0,0
830,6,0.0,48.12454,0,1484
831,20,0.0,109.771225,1470,26
832,13,0.0,68.53825,1524,15
833,10,0.0,26.609175,26,1432
834,28,0.0,33.230785,1086,426
835,21,0.0,121.66383,1478,14
836,18,0.0,21.746832,0,1506
837,20,0.0,131.28798,1491,11
838,18,0.0,46.75273,1,1507
839,12,0.0,26.442005,0,1474
840,37,0.0,0.62101877,0,1530
841,29,0.0,2.1139746,0,1525
842,31,0.0,145.31134,1463,29
843,19,0.0,14.049795,0,1472
844,18,0.0,211.7383,1484,0
845,27,0.0,51.85904,27,1453
846,26,0.0,49.67718,1,1475
847,34,0.0,6.086382,0,1501
848,33,0.0,121.70256,0,0
849,23,0.0,7.226691,0,1503
850,21,0.0,90.92235,1165,320
851,45,0.0,44.56682,0,1540
852,36,0.0,41.66418,1506,12
853,45,0.0,97.70441,84,1409
854,10,0.0,65.36625,1447,11
855,40,0.0,10.454284,0,1511
856,36,0.0,6.2856345,0,1479
857,20,0.0,7.0321884,0,1574
858,31,0.0,108.14997,1384,170
859,49,0.0,86.99674,1501,4
860,28,0.0,19.872663,0,1534
861,18,0.0,71.57788,28,1443
862,29,0.0,143.91183,1441,47
863,34,0.0,22.52838,1474,32
864,19,0.0,16.646828,0,1507
865,8,0.0,84.18699,1462,15
866,24,0.0,31.883667,1432,65
867,3,0.0,188.53966,1498,15
868,39,0.0,5.1404586,0,1529
869,13,0.0,0.7155137,0,1523
870,5,0.0,206.52184,1483,14
871,12,0.0,67.20528,1480,0
872,5,0.0,124.102356,1334,180
873,49,0.0,76.59442,1524,6
874,1,0.0,27.557657,4,1476
875,33,0.0,45.59373,0,1496
876,27,0.0,4.341992,0,1473
877,18,0.0,112.66305,1453,70
878,5,0.0,209.43222,1475,16
879,17,0.0,241.88475,1495,2
880,7,0.0,101.67908,1440,59
881,29,0.0,128.26866,0,0
882,13,0.0,49.173405,1232,232
883,10,0.0,14.071556,1,1508
884,39,0.0,7.7977424,1464,28
885,42,0.0,9.996215,0,1550
886,43,0.0,128.09889,1415,65
887,0,0.0,169.84851,1481,13
888,48,0.0,142.01318,1528,0
889,0,0.0,191.77472,1526,15
890,48,0.0,93.29101,1482,17
891,21,0.0,78.627174,40,1461
892,31,0.0,68.3655,38,1496
893,19,0.0,64.12623,1487,31
894,25,0.0,40.115463,0,1495
895,41,0.0,96.63656,1515,13
896,35,0.0,33.840347,0,1548
897,2,0.0,97.01282,1480,21
898,35,0.0,63.60884,13,1483
899,22,0.0,49.886517,1471,0
900,38,0.0,70.11524,39,1487
901,2,0.0,48.42747,28,1485
902,48,0.0,87.423096,1422,68
903,33,0.0,78.6138,18,1489
904,37,0.0,45.38159,1437,22
905,1,0.0,59.00877,1391,62
906,20,0.0,130.70787,1448,14
907,28,0.0,26.926922,23,1473
908,49,0.0,36.938065,31,1433
909,25,0.0,182.6013,1519,19
910,10,0.0,53.4747,1497,13
911,12,0.0,22.833696,0,1526
912,49,0.0,90.33842,1504,1
913,24,0.0,15.728719,11,1506
914,48,0.0,68.11366,35,1441
915,11,0.0,50.129784,29,1481
916,19,0.0,7.672104,0,0
917,8,0.0,10.036935,0,1470
918,29,0.0,42.579918,0,1491
919,0,0.0,176.90962,1494,16
920,35,0.0,155.11902,1400,69
921,19,0.0,92.90878,1515,6
922,18,0.0,212.20633,1514,1
923,45,0.0,70.75223,12,1488
924,41,0.0,14.627091,0,1494
925,9,0.0,17.319477,0,1503
926,48,0.0,71.58269,1010,467
927,18,0.0,212.7974,1547,0
928,0,0.0,163.95284,1501,17
929,41,0.0,104.2451,0,0
930,14,0.0,64.02066,1451,59
931,25,0.0,123.60391,0,0
932,6,0.0,209.80063,1525,7
933,39,0.0,1.0487397,0,1504
934,18,0.0,80.34045,212,1309
935,38,0.0,169.43776,1462,18
936,30,0.0,5.804628,0,1450
937,28,0.0,37.357464,1342,118
938,33,0.0,175.65913,1434,67
939,21,0.0,19.340052,0,1500
940,25,0.0,78.36371,31,1472
941,22,0.0,42.327354,1466,5
942,17,0.0,254.9452,1537,3
943,1,0.0,21.604395,0,1511
944,24,0.0,22.379313,0,0
945,11,0.0,56.93858,718,767
946,7,0.0,30.02491,0,1523
947,28,0.0,6.4563622,0,1537
948,37,0.0,23.333591,23,1435
949,3,0.0,185.57474,1447,13
950,39,0.0,8.471582,1493,1
951,1,0.0,44.91318,950,509
952,0,0.0,86.31391,689,775
953,26,0.0,17.05494,0,1489
954,16,0.0,124.31665,1323,225
955,10,0.0,12.137195,0,1559
956,17,0.0,237.30249,1507,7
957,25,0.0,31.570124,0,1498
958,31,0.0,54.434547,0,0
959,10,0.0,10.916474,0,1470
960,9,0.0,53.87966,0,0
961,1,0.0,19.092905,1,1459
962,37,0.0,32.114185,110,1356
963,45,0.0,24.817846,0,1504
964,49,0.0,54.506092,1443,60
965,30,0.0,25.280403,1096,438
966,27,0.0,44.91501,9,1503
967,32,0.0,4.5723815,0,1486
968,12,0.0,27.78478,9,1519
969,43,0.0,158.92221,1500,12
970,5,0.0,39.812267,0,0
971,11,0.0,65.735916,1261,201
972,14,0.0,63.791042,1460,60
973,37,0.0,58.614376,1549,3
974,49,0.0,55.10533,1452,21
975,45,0.0,195.62292,1486,19
976,12,0.0,69.97504,1521,0
977,8,0.0,78.02803,1452,59
978,33,0.0,132.89153,1467,74
979,20,0.0,26.554523,1,1501
980,24,0.0,8.217573,1,1483
981,11,0.0,9.681724,0,1548
982,18,0.0,104.77197,1374,115
983,7,0.0,148.50375,1512,16
984,6,0.0,8.457622,0,1482
985,17,0.0,220.97925,1433,2
986,14,0.0,27.426556,0,1429
987,42,0.0,86.81946,1219,211
988,2,0.0,94.260864,1516,22
989,34,0.0,26.189743,1469,18
990,44,0.0,97.26546,1488,20
991,38,0.0,168.61166,1437,22
992,37,0.0,32.713043,742,754
993,48,0.0,119.14391,1494,12
994,33,0.0,206.91058,1479,10
995,40,0.0,61.430054,1455,22
996,8,0.0,70.755165,1407,73
997,24,0.0,31.46337,1347,131
998,46,0.0,196.68636,1503,19
999,25,0.0,221.82277,1501,3
1000,26,0.0,141.7152,1445,16
1001,35,0.0,289.80502,1472,1
1002,39,0.0,2.1871488,0,1496
1003,20,0.0,87.61792,1316,113
1004,25,0.0,15.192109,0,1496
1005,17,0.0,49.72354,0,1491
1006,20,0.0,36.59642,1,1502
1007,22,0.0,1.038693,0,1464
1008,38,0.0,273.87177,1495,0
1009,42,0.0,104.833984,1426,49
1010,1,0.0,52.640644,0,0
1011,19,0.0,41.086594,3,1464
1012,21,0.0,3.9370294,0,1519
1013,39,0.0,4.428568,0,1528
1014,9,0.0,171.26593,1502,13
1015,26,0.0,18.912886,0,1477
1016,34,0.0,7.4076552,0,1492
1017,37,0.0,12.904071,0,1482
1018,18,0.0,150.03468,1473,13
1019,45,0.0,110.763214,314,1145
1020,1,0.0,42.543118,299,1174
1021,43,0.0,95.61956,129,1387
1022,27,0.0,81.243324,1488,22
1023,41,0.0,7.624785,0,1493
1024,19,0.0,14.343797,0,1439
1025,37,0.0,0.6185926,0,1494
1026,47,0.0,20.642174,0,1538
1027,48,0.0,65.67477,8,1478
1028,3,0.0,151.38258,1427,69
1029,22,0.0,4.572769,0,1553
1030,37,0.0,46.107822,1435,6
1031,19,0.0,65.780464,1476,23
1032,10,0.0,69.853065,1497,6
1033,22,0.0,38.397346,1451,14
1034,11,0.0,113.89433,1519,17
1035,7,0.0,18.309765,0,1467
1036,36,0.0,15.832385,0,1495
1037,16,0.0,75.080345,23,1446
1038,48,0.0,129.4997,1473,17
1039,39,0.0,1.9401735,0,1475
1040,5,0.0,99.028076,20,1497
1041,9,0.0,125.08674,1344,119
1042,6,0.0,67.320724,0,1540
1043,44,0.0,51.212147,21,1448
1044,1,0.0,92.28331,1497,15
1045,21,0.0,8.447618,0,1505
1046,39,0.0,4.281907,1,1473
1047,13,0.0,39.797195,27,1475
1048,29,0.0,90.38048,302,1224
1049,32,0.0,87.2551,1309,169
1050,41,0.0,18.987444,0,1536
1051,0,0.0,67.56612,35,1435
1052,7,0.0,157.63907,1498,14
1053,45,0.0,4.3791986,0,1454
1054,23,0.0,15.019021,0,1470
1055,40,0.0,69.10033,1461,10
1056,24,0.0,1.0482754,0,1528
1057,9,0.0,179.5942,1498,12
1058,34,0.0,14.863759,4,1485
1059,38,0.0,218.5117,1447,9
1060,41,0.0,82.8528,1305,214
1061,31,0.0,155.10284,1524,21
1062,33,0.0,269.13937,1516,5
1063,21,0.0,41.938904,4,1468
1064,11,0.0,51.845238,43,1468
1065,43,0.0,63.605812,4,1529
1066,38,0.0,94.01626,970,514
1067,8,0.0,49.97268,33,1461
1068,38,0.0,273.75128,1504,0
1069,7,0.0,50.6967,1,1446
1070,36,0.0,22.612642,29,1493
1071,24,0.0,15.686005,6,1442
1072,6,0.0,116.145966,36,1470
1073,10,0.0,47.5994,1440,66
1074,23,0.0,62.85724,32,1459
1075,44,0.0,85.07941,1406,75
1076,39,0.0,8.02009,1469,17
1077,19,0.0,63.783978,1406,62
1078,37,0.0,33.91532,1074,395
1079,23,0.0,126.80909,0,0
1080,8,0.0,16.235695,0,1533
1081,5,0.0,180.6845,0,0
1082,24,0.0,7.1643314,1,1492
1083,28,0.0,12.035206,0,1511
1084,25,0.0,183.47058,1516,17
1085,28,0.0,34.385624,1334,185
1086,47,0.0,68.780594,9,1476
1087,28,0.0,20.195246,0,1485
1088,32,0.0,94.56004,1414,114
1089,3,0.0,51.778774,1,1557
1090,18,0.0,146.51006,1448,14
1091,15,0.0,66.80232,1474,63
1092,1,0.0,83.62341,1430,28
1093,6,0.0,193.24028,1509,17
1094,8,0.0,53.538944,440,1045
1095,39,0.0,5.6442614,20,1493
1096,25,0.0,3.1437523,0,1506
1097,20,0.0,114.29854,1510,10
1098,12,0.0,53.518353,1417,8
1099,44,0.0,34.457508,0,1467
1100,37,0.0,2.8934047,0,1473
1101,30,0.0,24.95517,726,779
1102,5,0.0,108.88363,112,1405
1103,38,0.0,274.54178,1514,0
1104,14,0.0,61.92888,1426,63
1105,23,0.0,15.793044,0,1519
1106,48,0.0,27.025742,0,1514
1107,2,0.0,27.523159,0,1501
1108,4,0.0,140.64186,0,0
1109,24,0.0,35.95976,1437,10
1110,12,0.0,31.258446,25,1485
1111,17,0.0,143.69615,1470,19
1112,46,0.0,231.90242,1507,10
1113,9,0.0,120.90908,1326,200
1114,22,0.0,24.929605,45,1436
1115,26,0.0,119.75325,1494,22
1116,4,0.0,100.69251,1235,297
1117,24,0.0,34.653442,1461,28
1118,12,0.0,44.90318,1454,64
1119,28,0.0,78.6756,1535,0
1120,14,0.0,17.74755,0,1524
1121,40,0.0,34.609104,29,1476
1122,29,0.0,173.16786,1485,7
1123,18,0.0,58.23711,14,1530
1124,14,0.0,43.987938,250,1281
1125,14,0.0,5.5847716,0,1490
1126,49,0.0,42.687737,977,499
1127,33,0.0,1.1598736,0,1524
1128,17,0.0,143.35564,1509,13
1129,6,0.0,167.36102,0,0
1130,20,0.0,110.90645,1512,24
1131,22,0.0,29.347874,1244,248
1132,0,0.0,57.106316,1,1467
1133,40,0.0,51.527134,1383,124
1134,10,0.0,52.202824,1499,13
1135,19,0.0,59.882103,1334,126
1136,2,0.0,58.462772,826,659
1137,39,0.0,7.239531,1231,283
1138,19,0.0,45.88476,38,1459
1139,36,0.0,24.42142,1115,398
1140,15,0.0,56.004314,1422,77
1141,8,0.0,48.7355,24,1471
1142,33,0.0,247.85677,1477,7
1143,7,0.0,111.0662,1428,22
1144,2,0.0,20.984194,0,1473
1145,7,0.0,166.16586,1451,11
1146,30,0.0,4.362349,0,1532
1147,35,0.0,23.337107,0,1493
1148,12,0.0,50.091198,1467,23
1149,0,0.0,171.60657,1500,13
1150,11,0.0,10.54191,0,1492
1151,43,0.0,108.95704,0,0
1152,4,0.0,109.934525,1342,151
1153,43,0.0,90.009796,67,1426
1154,34,0.0,15.246845,27,1456
1155,21,0.0,103.78876,1253,223
1156,32,0.0,149.56564,1472,5
1157,18,0.0,161.23518,1471,11
1158,48,0.0,111.31697,1536,18
1159,22,0.0,4.464883,0,1536
1160,45,0.0,34.059746,0,1447
1161,34,0.0,26.019808,1483,29
1162,22,0.0,13.809807,0,1497
1163,35,0.0,31.596024,0,1528
1164,27,0.0,87.03224,1499,14
1165,13,0.0,21.920753,0,1488
1166,21,0.0,30.497847,0,1484
1167,34,0.0,0.80686414,0,1510
1168,22,0.0,41.95335,1538,2
1169,22,0.0,46.306774,1447,0
1170,39,0.0,0.5681009,0,1486
1171,1,0.0,46.396294,1163,297
1172,37,0.0,44.150715,1494,25
1173,29,0.0,102.36481,937,544
1174,5,0.0,132.33496,1410,73
1175,14,0.0,66.80459,1437,60
1176,47,0.0,61.637627,0,1518
1177,16,0.0,268.39905,1488,6
1178,47,0.0,70.67543,25,1463
1179,26,0.0,131.06976,1480,23
1180,3,0.0,180.07047,1500,9
1181,27,0.0,56.492146,1019,468
1182,41,0.0,90.23972,1456,61
1183,8,0.0,8.651643,0,1520
1184,25,0.0,143.97565,1418,69
1185,29,0.0,11.383845,0,1502
1186,47,0.0,3.0187054,0,1457
1187,36,0.0,33.07694,1358,104
1188,8,0.0,9.48871,0,1511
1189,3,0.0,189.54639,1530,10
1190,18,0.0,4.5211897,0,0
1191,27,0.0,61.298645,1367,171
1192,46,0.0,120.40315,39,1480
1193,21,0.0,128.1198,1532,19
1194,35,0.0,283.67273,1541,2
1195,19,0.0,11.03391,0,1520
1196,22,0.0,36.068035,1453,45
1197,0,0.0,89.619705,1091,419
1198,5,0.0,26.753927,0,1524
1199,35,0.0,200.60735,0,0
1200,29,0.0,145.1797,0,0
1201,3,0.0,156.13297,1459,15
1202,12,0.0,28.113464,17,1494
1203,47,0.0,182.93187,0,0
1204,45,0.0,152.61534,1374,100
1205,22,0.0,44.069447,0,0
1206,43,0.0,96.372925,923,591
1207,18,0.0,1.8478582,0,1504
1208,32,0.0,0.28954208,0,1499
1209,15,0.0,15.333602,0,1489
1210,18,0.0,45.00564,1,1488
1211,18,0.0,195.27261,1468,1
1212,16,0.0,30.205208,0,1449
1213,20,0.0,141.00186,1507,5
1214,28,0.0,58.259182,1475,1
1215,42,0.0,150.08647,1476,7
1216,20,0.0,95.21323,1416,55
1217,13,0.0,48.966534,1012,470
1218,22,0.0,4.2390847,0,1505
1219,16,0.0,22.636023,0,1437
1220,20,0.0,70.002625,36,1465
1221,5,0.0,29.606762,0,0
1222,21,0.0,109.561295,1442,69
1223,33,0.0,195.25117,1449,19
1224,2,0.0,58.0013,70,1454
1225,19,0.0,28.65361,2,1476
1226,1,0.0,0.9749321,0,1534
1227,39,0.0,9.0631695,1502,0
1228,20,0.0,44.071083,1,1560
1229,17,0.0,48.914394,0,1493
1230,46,0.0,131.33276,1180,345
1231,5,0.0,25.446554,0,1469
1232,11,0.0,127.19495,1471,11
1233,41,0.0,86.27876,1340,177
1234,12,0.0,23.731586,0,1484
1235,3,0.0,125.55983,1388,114
1236,10,0.0,70.71613,1516,7
1237,14,0.0,16.800888,0,1500
1238,48,0.0,107.90634,1473,14
1239,4,0.0,181.71947,1480,12
1240,30,0.0,30.95838,1347,156
1241,42,0.0,35.79706,0,1521
1242,4,0.0,163.49663,1475,19
1243,12,0.0,33.97214,700,802
1244,23,0.0,127.61656,1502,12
1245,44,0.0,117.97683,1498,8
1246,2,0.0,17.993107,0,1491
1247,42,0.0,81.72392,1120,376
1248,30,0.0,0.054110836,0,1473
1249,4,0.0,206.4945,1433,13
1250,22,0.0,46.040165,1494,0
1251,6,0.0,40.54236,0,1503
1252,7,0.0,44.268024,1,1530
1253,20,0.0,131.53693,1468,6
1254,41,0.0,27.048565,0,1557
1255,33,0.0,233.6603,1500,11
1256,20,0.0,13.915111,0,1536
1257,17,0.0,166.40211,1482,13
1258,13,0.0,20.305681,0,1515
1259,13,0.0,23.48475,0,1525
1260,25,0.0,121.54569,1215,251
1261,11,0.0,7.821359,0,1478
1262,17,0.0,103.65532,34,1459
1263,18,0.0,223.05768,1514,1
1264,13,0.0,38.944466,33,1450
1265,15,0.0,12.558465,0,1483
1266,6,0.0,241.26216,1524,0
1267,49,0.0,35.423584,1,1549
1268,11,0.0,51.85913,119,1380
1269,18,0.0,164.86034,1524,9
1270,35,0.0,193.25659,1509,11
1271,19,0.0,70.033966,1462,26
1272,44,0.0,115.35276,1501,8
1273,1,0.0,5.0707912,0,1490
1274,2,0.0,59.147346,1142,346
1275,7,0.0,93.714,1454,70
1276,28,0.0,45.66865,1466,25
1277,10,0.0,19.567188,1,1506
1278,32,0.0,8.672135,0,1538
1279,3,0.0,53.052124,1,1494
1280,13,0.0,64.09531,1471,20
1281,19,0.0,14.678055,0,1459
1282,49,0.0,21.720089,0,1521
1283,39,0.0,9.005493,1499,0
1284,35,0.0,167.99957,1423,65
1285,15,0.0,34.391285,3,1444
1286,21,0.0,160.54324,1515,1
1287,28,0.0,43.90068,1431,58
1288,12,0.0,31.005219,32,1466
1289,43,0.0,118.95854,1344,93
1290,2,0.0,66.37308,1213,272
1291,46,0.0,116.17496,12,1495
1292,21,0.0,25.830341,1,1561
1293,3,0.0,177.51918,1493,10
1294,19,0.0,0.73705715,0,1506
1295,27,0.0,76.638885,1533,29
1296,14,0.0,9.838654,0,1523
1297,33,0.0,262.42355,1427,8
1298,45,0.0,171.76627,1458,25
1299,6,0.0,145.67317,1348,149
1300,28,0.0,68.35666,1491,1
1301,32,0.0,12.250755,0,1555
1302,13,0.0,55.597805,1423,74
1303,26,0.0,129.10664,1482,21
1304,49,0.0,36.83692,27,1453
1305,7,0.0,138.12082,0,0
1306,39,0.0,6.061361,26,1455
1307,42,0.0,58.954372,23,1510
1308,36,0.0,2.1094632,0,1498
1309,35,0.0,266.13525,1476,3
1310,46,0.0,120.68178,85,1386
1311,48,0.0,127.73068,1455,15
1312,21,0.0,132.85301,1509,12
1313,18,0.0,130.33716,1477,23
1314,11,0.0,17.229004,0,1476
1315,46,0.0,127.39439,848,664
1316,22,0.0,5.2828784,0,1492
1317,16,0.0,39.448982,0,1462
1318,27,0.0,67.8797,1384,81
1319,36,0.0,39.436363,1468,26
1320,23,0.0,3.2796156,0,1514
1321,14,0.0,44.48505,1273,251
1322,49,0.0,33.777348,1,1455
1323,40,0.0,59.77035,1473,17
1324,11,0.0,79.99035,1504,20
1325,42,0.0,110.456535,1514,20
1326,3,0.0,103.389046,37,1451
1327,28,0.0,10.426337,1,1517
1328,3,0.0,104.62113,1103,335
1329,30,0.0,19.032478,17,1494
1330,26,0.0,19.22751,1,1511
1331,38,0.0,17.778788,0,1544
1332,13,0.0,20.843485,0,1469
1333,1,0.0,67.206696,1420,65
1334,9,0.0,117.853325,1037,495
1335,48,0.0,117.82977,1468,13
1336,10,0.0,53.719513,1496,8
1337,40,0.0,38.85483,35,1439
1338,28,0.0,41.21497,1483,71
1339,5,0.0,94.493286,1,1469
1340,24,0.0,34.812664,1497,14
1341,40,0.0,62.3359,1502,12
1342,2,0.0,100.527374,1459,21
1343,42,0.0,24.324038,0,1475
1344,41,0.0,52.923885,24,1516
1345,23,0.0,30.13663,2,1514
1346,15,0.0,58.117584,1442,70
1347,4,0.0,155.5698,1509,20
1348,31,0.0,18.083666,0,1519
1349,15,0.0,30.218382,1,1521
1350,37,0.0,58.315742,1553,0
1351,42,0.0,76.049446,25,1438
1352,47,0.0,116.73962,1042,509
1353,37,0.0,35.76172,1368,122
1354,22,0.0,39.681885,1525,6
1355,39,0.0,3.6347172,1,1542
1356,33,0.0,205.81122,1492,14
1357,6,0.0,83.23099,6,1515
1358,35,0.0,277.19473,1504,1
1359,8,0.0,77.23606,1464,57
1360,9,0.0,127.74318,1434,71
1361,24,0.0,33.40137,1467,54
1362,24,0.0,8.948047,1,1508
1363,8,0.0,4.4928384,0,1484
1364,7,0.0,194.6804,1470,12
1365,7,0.0,105.11383,1485,16
1366,38,0.0,100.19946,1184,333
1367,24,0.0,37.829548,1498,14
1368,14,0.0,44.43195,887,638
1369,2,0.0,44.257725,12,1465
1370,8,0.0,84.115395,1437,21
1371,32,0.0,61.944534,32,1483
1372,27,0.0,76.03909,1493,27
1373,46,0.0,62.08986,0,0
1374,31,0.0,54.05647,11,1514
1375,40,0.0,60.893307,1520,20
1376,49,0.0,68.989334,1481,10
1377,7,0.0,56.88841,23,1506
1378,27,0.0,53.06391,36,1469
1379,36,0.0,13.25737,0,1482
1380,22,0.0,51.609783,1452,0
1381,25,0.0,128.22716,1302,150
1382,6,0.0,45.684273,0,1560
1383,38,0.0,186.7769,1491,12
1384,15,0.0,52.887844,1233,229
1385,17,0.0,157.636,1518,12
1386,2,0.0,109.320694,1509,5
1387,42,0.0,84.265,1259,242
1388,46,0.0,2.9034293,0,1487
1389,0,0.0,223.19826,1546,8
1390,44,0.0,112.50395,1498,13
1391,47,0.0,57.607906,1,1437
1392,21,0.0,68.971596,43,1442
1393,6,0.0,159.57526,1393,27
1394,20,0.0,110.66467,1474,16
1395,25,0.0,225.49467,1479,4
1396,33,0.0,272.9459,1482,3
1397,27,0.0,71.825966,1413,31
1398,41,0.0,2.7286985,0,1549
1399,12,0.0,41.938156,1429,109
1400,36,0.0,40.799446,1518,23
1401,6,0.0,26.132408,0,1468
1402,20,0.0,27.316042,0,1467
1403,48,0.0,97.60657,1466,18
1404,8,0.0,29.152811,0,1516
1405,32,0.0,119.38506,1493,17
1406,48,0.0,11.369002,0,1465
1407,45,0.0,180.8273,0,0
1408,5,0.0,119.19495,1174,323
1409,49,0.0,23.750822,0,1501
1410,9,0.0,115.76498,414,1091
1411,15,0.0,41.968906,27,1515
1412,1,0.0,47.698414,1316,163
1413,25,0.0,184.80937,1503,13
1414,0,0.0,60.533875,9,1493
1415,45,0.0,97.60471,43,1439
1416,11,0.0,9.24896,0,1486
1417,46,0.0,214.62509,1510,10
1418,5,0.0,123.57533,0,0
1419,39,0.0,7.339775,1326,170
1420,2,0.0,20.166224,0,1529
1421,16,0.0,68.56487,2,1488
1422,32,0.0,86.153725,0,0
1423,10,0.0,25.096117,26,1476
1424,25,0.0,219.06464,1485,4
1425,4,0.0,128.1799,1440,69
1426,29,0.0,64.10449,2,1511
1427,0,0.0,46.35481,0,1516
1428,6,0.0,119.09123,967,555
1429,32,0.0,147.16608,1478,8
1430,5,0.0,52.289127,0,1483
1431,37,0.0,36.31965,1426,66
1432,35,0.0,194.99408,1473,12
1433,43,0.0,156.47942,1425,12
1434,23,0.0,20.805195,1,1444
1435,39,0.0,4.366117,1,1470
1436,40,0.0,28.462214,11,1519
1437,41,0.0,101.39461,1512,20
1438,32,0.0,120.428116,1508,11
1439,48,0.0,86.56566,1434,55
1440,24,0.0,8.343829,0,1542
1441,38,0.0,147.06013,1520,59
1442,46,0.0,117.48983,20,1453
1443,10,0.0,29.252619,24,1510
1444,37,0.0,16.411104,1,1524
1445,20,0.0,93.61977,1475,66
1446,22,0.0,5.9388976,0,1505
1447,48,0.0,85.34921,1313,197
1448,12,0.0,56.648537,1486,12
1449,18,0.0,148.88268,1465,13
1450,10,0.0,9.248124,0,1496
1451,28,0.0,24.077982,1,1497
1452,22,0.0,42.74256,1527,4
1453,29,0.0,47.71713,0,1511
1454,4,0.0,62.230103,2,1535
1455,17,0.0,260.2913,1491,0
1456,17,0.0,208.12384,1482,2
1457,31,0.0,108.326744,1374,143
1458,18,0.0,169.30788,1505,3
1459,43,0.0,34.684937,0,1490
1460,28,0.0,70.219864,1526,1
1461,43,0.0,89.36666,38,1456
1462,41,0.0,63.67678,33,1460
1463,47,0.0,134.67778,0,0
1464,8,0.0,57.063694,1020,503
1465,18,0.0,37.12162,1,1459
1466,36,0.0,35.014793,1419,74
1467,39,0.0,5.6144814,5,1530
1468,22,0.0,32.18688,1404,103
1469,18,0.0,143.75015,1458,17
1470,12,0.0,63.248665,1503,0
1471,38,0.0,24.570713,1,1554
1472,43,0.0,117.75924,1378,183
1473,21,0.0,56.154343,33,1461
1474,12,0.0,64.56602,1491,0
1475,2,0.0,92.22464,1486,22
1476,36,0.0,36.959225,1451,56
1477,29,0.0,88.17606,30,1473
1478,32,0.0,38.068962,0,1514
1479,0,0.0,114.472664,1368,105
1480,4,0.0,59.09193,0,1466
1481,22,0.0,50.23927,1527,0
1482,37,0.0,12.949292,0,1458
1483,6,0.0,230.05711,1491,9
1484,25,0.0,172.2482,1499,17
1485,49,0.0,68.21091,1473,12
1486,47,0.0,180.79944,1496,63
1487,29,0.0,158.86089,1480,11
1488,40,0.0,22.61563,0,1497
1489,33,0.0,177.32063,1432,36
1490,41,0.0,0.93245363,0,1481
1491,19,0.0,92.48871,1533,14
1492,45,0.0,160.83046,1450,52
1493,24,0.0,29.528725,1247,274
1494,6,0.0,213.30217,1523,9
1495,5,0.0,155.49014,0,0
1496,32,0.0,6.7876034,0,1497
1497,20,0.0,146.0352,1540,0
1498,2,0.0,21.946285,0,1503
1499,33,0.0,91.03725,472,1006
1500,23,0.0,98.94389,1409,52
1501,22,0.0,10.386194,0,1456
1502,29,0.0,104.121376,1157,322
1503,48,0.0,119.24666,1511,12
1504,17,0.0,205.9068,1470,2
1505,9,0.0,131.9264,1446,32
1506,9,0.0,39.80435,5,1530
1507,14,0.0,71.93695,1431,25
1508,21,0.0,83.024765,755,730
1509,3,0.0,130.64359,1423,69
1510,33,0.0,39.2324,0,1498
1511,34,0.0,10.495426,0,1471
1512,10,0.0,68.555756,1471,10
1513,48,0.0,59.937843,3,1503
1514,23,0.0,128.77762,1473,6
1515,23,0.0,61.452175,34,1479
1516,48,0.0,35.61358,0,1465
1517,19,0.0,55.500744,634,854
1518,4,0.0,174.9794,1470,13
1519,4,0.0,6.793883,0,1475
1520,8,0.0,30.550043,7,1503
1521,47,0.0,8.276695,0,1452
1522,18,0.0,30.945518,0,1523
1523,44,0.0,121.23779,1501,9
1524,36,0.0,14.816932,0,1535
1525,44,0.0,56.49849,34,1435
1526,39,0.0,4.8641176,1,1472
1527,6,0.0,203.22322,1518,8
1528,38,0.0,50.28588,8,1499
1529,2,0.0,40.70032,11,1502
1530,18,0.0,59.23182,17,1500
1531,12,0.0,10.541296,0,1505
1532,38,0.0,13.062842,0,1523
1533,24,0.0,3.4344594,0,1536
1534,25,0.0,33.31856,1,1473
1535,15,0.0,35.216034,3,1480
1536,26,0.0,10.141897,0,1493
1537,21,0.0,160.14485,1451,5
1538,38,0.0,222.38147,1468,11
1539,33,0.0,56.222782,1,1485
1540,6,0.0,243.69507,0,0
1541,16,0.0,245.75102,1502,15
1542,43,0.0,114.098274,1308,182
1543,1,0.0,77.19978,1479,28
1544,21,0.0,154.69711,0,0
1545,36,0.0,7.922354,0,1552
1546,48,0.0,145.32173,1528,0
1547,36,0.0,10.782795,1,1483
1548,35,0.0,171.01575,1529,17
1549,25,0.0,144.02249,1446,54
1550,9,0.0,162.51465,1454,14
1551,3,0.0,150.14001,1460,70
1552,31,0.0,151.66904,1473,20
1553,41,0.0,92.81738,1409,58
1554,48,0.0,35.85414,0,1516
1555,45,0.0,92.7826,41,1501
1556,38,0.0,221.9885,1462,9
1557,21,0.0,109.570435,1458,60
1558,31,0.0,168.80081,1498,20
1559,11,0.0,129.371,1451,16
1560,31,0.0,40.09986,0,1518
1561,48,0.0,126.7524,0,0
1562,15,0.0,41.792683,15,1501
1563,27,0.0,61.808773,0,0
1564,34,0.0,7.9690447,0,1493
1565,13,0.0,63.27069,1432,32
1566,10,0.0,9.484395,1,1466
1567,24,0.0,0.76603425,0,1478
1568,12,0.0,51.72396,1474,20
1569,46,0.0,19.354635,0,1538
1570,23,0.0,78.12929,1282,208
1571,49,0.0,47.694263,1356,118
1572,32,0.0,56.778954,8,1470
1573,14,0.0,34.814857,14,1471
1574,19,0.0,88.03423,1485,16
1575,31,0.0,127.750435,1420,105
1576,14,0.0,41.814056,0,0
1577,25,0.0,183.57361,1531,20
1578,13,0.0,60.465336,1454,26
1579,9,0.0,99.00248,42,1423
1580,5,0.0,38.806843,0,1495
1581,44,0.0,114.57781,1502,9
1582,0,0.0,208.56158,1474,11
1583,36,0.0,38.768353,1429,46
1584,40,0.0,7.9431868,0,1502
1585,34,0.0,6.421831,0,1506
1586,49,0.0,89.14561,1505,1
1587,2,0.0,76.10018,1472,70
1588,16,0.0,157.51468,1404,68
1589,24,0.0,9.473959,1,1502
1590,1,0.0,86.51221,1519,10
1591,17,0.0,125.16461,1456,65
1592,24,0.0,48.2602,1535,0
1593,26,0.0,59.273174,27,1472
1594,35,0.0,190.73837,1483,11
1595,31,0.0,105.4061,1292,238
1596,13,0.0,27.990866,3,1496
1597,36,0.0,19.787918,8,1517
1598,1,0.0,40.22052,32,1469
1599,10,0.0,6.163913,1,1474
1600,10,0.0,42.947876,1438,72
1601,35,0.0,35.710194,0,1489
1602,40,0.0,37.60238,32,1477
1603,6,0.0,168.97684,1465,18
1604,28,0.0,13.343015,0,1503
1605,32,0.0,26.63072,0,1523
1606,37,0.0,22.500658,11,1460
1607,27,0.0,21.220385,1,1516
1608,43,0.0,2.7208524,0,1507
1609,12,0.0,65.92611,1450,0
1610,12,0.0,39.125484,1274,189
1611,17,0.0,141.63159,1444,60
1612,24,0.0,0.6072821,0,1477
1613,42,0.0,24.840403,0,1483
1614,2,0.0,15.5341015,0,1445
1615,14,0.0,71.30092,1504,30
1616,22,0.0,16.669249,2,1493
1617,26,0.0,93.204605,1248,315
1618,29,0.0,135.89343,1446,64
1619,6,0.0,235.16914,1540,0
1620,3,0.0,155.93385,1493,55
1621,30,0.0,13.640354,1,1504
1622,28,0.0,52.585453,1485,19
1623,41,0.0,96.42557,0,0
1624,8,0.0,81.73609,1438,72
1625,21,0.0,146.12248,1474,19
1626,48,0.0,140.33517,1494,0
1627,39,0.0,2.9672544,0,1484
1628,43,0.0,162.80586,1474,9
1629,14,0.0,28.679958,0,1500
1630,30,0.0,14.9231415,0,1534
1631,12,0.0,24.40385,0,0
1632,10,0.0,36.00852,1371,150
1633,11,0.0,33.250454,3,1471
1634,0,0.0,112.89676,1383,139
1635,19,0.0,97.96305,1500,6
1636,49,0.0,65.87448,1499,22
1637,26,0.0,115.34356,1375,64
1638,20,0.0,113.59459,1463,24
1639,25,0.0,92.88959,373,1087
1640,49,0.0,31.101898,1,1470
1641,0,0.0,5.405576,0,0
1642,18,0.0,191.17303,1549,1
1643,39,0.0,8.973896,1503,2
1644,43,0.0,208.28699,1505,0
1645,26,0.0,95.700096,1272,232
1646,11,0.0,72.96829,1396,106
1647,9,0.0,74.09143,6,1505
1648,34,0.0,9.945811,0,1475
1649,18,0.0,77.78964,26,1434
1650,13,0.0,29.955826,22,1498
1651,9,0.0,135.40877,1494,22
1652,10,0.0,37.806923,1436,83
1653,20,0.0,59.08023,29,1464
1654,19,0.0,56.913437,1191,328
1655,35,0.0,218.53387,1464,5
1656,38,0.0,177.14844,1496,15
1657,11,0.0,25.94038,2,1575
1658,41,0.0,72.398384,856,578
1659,28,0.0,70.16096,1483,2
1660,37,0.0,25.021786,29,1479
1661,36,0.0,2.1946657,1,1496
1662,37,0.0,2.6010072,0,1538
1663,27,0.0,77.38161,1485,29
1664,44,0.0,82.01128,1422,117
1665,9,0.0,81.50439,25,1497
1666,13,0.0,80.92252,1462,11
1667,1,0.0,83.761856,0,0
1668,3,0.0,103.914215,761,757
1669,38,0.0,23.287962,0,1555
1670,10,0.0,25.473585,26,1482
1671,42,0.0,23.994999,0,1485
1672,2,0.0,112.136986,1482,6
1673,47,0.0,198.9271,1494,10
1674,49,0.0,33.489166,0,0
1675,24,0.0,30.21894,1317,184
1676,19,0.0,26.845901,1,1506
1677,0,0.0,48.17149,0,1512
1678,5,0.0,110.8134,796,713
1679,38,0.0,203.25728,1510,8
1680,41,0.0,7.0193133,0,1517
1681,0,0.0,132.81021,1483,53
1682,20,0.0,127.46979,1479,18
1683,24,0.0,48.417095,0,0
1684,16,0.0,99.85699,649,840
1685,32,0.0,107.675514,1478,16
1686,45,0.0,36.053997,0,1515
1687,26,0.0,3.1771934,0,1460
1688,49,0.0,47.66924,1351,156
1689,2,0.0,117.42847,1463,5
1690,35,0.0,202.79327,1469,9
1691,35,0.0,261.04642,1516,7
1692,23,0.0,49.468716,2,1450
1693,10,0.0,32.582027,897,636
1694,43,0.0,172.00403,1499,14
1695,4,0.0,99.10078,479,1044
1696,11,0.0,63.904064,1157,336
1697,42,0.0,86.57464,0,0
1698,23,0.0,73.84921,721,803
1699,41,0.0,45.073627,11,1461
1700,17,0.0,145.81323,1457,16
1701,43,0.0,171.78493,1534,12
1702,48,0.0,67.62526,40,1492
1703,23,0.0,12.0890045,0,1499
1704,11,0.0,146.34753,1496,1
1705,20,0.0,128.95294,1474,16
1706,0,0.0,53.288574,1,1484
1707,28,0.0,0.93216336,0,1527
1708,37,0.0,35.8692,1437,70
1709,17,0.0,1.1016647,0,1489
1710,35,0.0,186.57713,1430,21
1711,35,0.0,147.84894,1249,235
1712,32,0.0,74.07808,433,1067
1713,15,0.0,15.69296,1,1509
1714,39,0.0,3.616103,0,1507
1715,30,0.0,22.590445,32,1442
1716,32,0.0,49.03711,10,1496
1717,17,0.0,75.075615,1,1575
1718,11,0.0,137.64743,1480,7
1719,32,0.0,110.675606,1476,16
1720,38,0.0,163.27614,1487,17
1721,33,0.0,191.35338,1518,23
1722,21,0.0,50.365757,27,1494
1723,17,0.0,73.75186,0,1520
1724,31,0.0,88.09507,453,1076
1725,16,0.0,243.1993,1484,21
1726,19,0.0,51.416676,40,1434
1727,4,0.0,19.339952,1,1456
1728,6,0.0,158.5081,1393,69
1729,41,0.0,89.63424,1437,78
1730,35,0.0,149.96962,1318,178
1731,33,0.0,102.15277,0,0
1732,25,0.0,152.20352,1512,27
1733,0,0.0,77.67663,55,1454
1734,46,0.0,182.11151,1485,17
1735,49,0.0,36.605125,14,1477
1736,16,0.0,127.679825,1379,166
1737,43,0.0,122.292114,1384,63
1738,22,0.0,27.10806,585,875
1739,24,0.0,33.23118,1452,60
1740,47,0.0,123.72047,1348,142
1741,24,0.0,14.946648,1,1490
1742,42,0.0,80.85287,589,891
1743,37,0.0,62.38199,1483,0
1744,5,0.0,58.784794,1,1521
1745,1,0.0,59.67823,1438,56
1746,7,0.0,50.313305,1,1509
1747,16,0.0,190.10008,1414,56
1748,45,0.0,126.45953,1011,487
1749,33,0.0,231.0028,1503,11
1750,38,0.0,5.0109124,0,1490
1751,48,0.0,117.4241,1480,14
1752,42,0.0,8.161477,0,1526
1753,31,0.0,165.84134,1521,17
1754,23,0.0,30.424303,1,1496
1755,37,0.0,5.92184,0,1508
1756,8,0.0,95.2621,1536,6
1757,5,0.0,104.33202,30,1465
1758,22,0.0,38.082493,1457,13
1759,48,0.0,134.89705,1510,3
1760,38,0.0,257.30356,1499,4
1761,13,0.0,21.325958,0,1430
1762,35,0.0,41.919537,0,1518
1763,39,0.0,4.868705,0,1550
1764,40,0.0,62.201817,1444,18
1765,6,0.0,152.99187,1417,72
1766,23,0.0,73.56689,160,1378
1767,35,0.0,178.37415,1415,12
1768,8,0.0,87.43027,1508,17
1769,7,0.0,64.61908,42,1463
1770,40,0.0,32.748966,20,1532
1771,0,0.0,112.83855,1254,266
1772,28,0.0,24.615297,11,1537
1773,20,0.0,55.031826,3,1505
1774,37,0.0,63.57239,1481,0
1775,46,0.0,232.82022,1524,13
1776,47,0.0,14.892784,0,1544
1777,41,0.0,59.64718,23,1467
1778,31,0.0,55.00761,19,1526
1779,42,0.0,158.82599,1463,9
1780,26,0.0,115.3861,1396,71
1781,49,0.0,40.75298,44,1442
1782,29,0.0,41.520912,0,1498
1783,7,0.0,18.849672,1,1471
1784,8,0.0,69.94052,1414,109
1785,9,0.0,1.5798869,0,1458
1786,41,0.0,7.7667856,0,1484
1787,35,0.0,150.67735,1355,106
1788,1,0.0,18.14609,0,1542
1789,12,0.0,52.10282,1495,19
1790,15,0.0,25.756113,1,1448
1791,11,0.0,23.284702,1,1507
1792,17,0.0,267.74796,0,0
1793,37,0.0,56.262627,1510,4
1794,23,0.0,117.05855,1484,12
1795,42,0.0,80.4248,0,0
1796,28,0.0,71.19805,1491,2
1797,46,0.0,231.52838,1486,13
1798,21,0.0,20.370134,0,0
1799,32,0.0,74.61167,1146,386
1800,1,0.0,46.848736,1317,185
1801,13,0.0,51.46805,1344,160
1802,36,0.0,41.117783,1490,15
1803,15,0.0,3.2162514,0,1489
1804,30,0.0,13.653655,1,1532
1805,3,0.0,77.622284,0,0
1806,32,0.0,42.25,5,1477
1807,21,0.0,108.09429,1342,111
1808,44,0.0,100.180595,1501,17
1809,25,0.0,209.10567,1522,5
1810,24,0.0,18.034714,28,1496
1811,39,0.0,7.961113,1436,30
1812,18,0.0,2.4473007,0,1527
1813,2,0.0,74.998924,1418,63
1814,11,0.0,145.15405,1461,9
1815,34,0.0,0.29526478,0,1482
1816,31,0.0,42.668457,2,1503
1817,20,0.0,10.790366,1,1489
1818,12,0.0,64.29273,1486,0
1819,15,0.0,37.117188,6,1521
1820,37,0.0,29.70784,26,1478
1821,40,0.0,22.723854,0,0
1822,47,0.0,180.97508,1422,22
1823,42,0.0,148.12045,1492,11
1824,20,0.0,146.46782,1470,0
1825,24,0.0,48.83819,1554,0
1826,38,0.0,116.34232,1358,140
1827,43,0.0,40.39229,0,1446
1828,38,0.0,33.50255,1,1441
1829,41,0.0,93.64258,1441,65
1830,39,0.0,3.347666,0,1521
1831,34,0.0,22.216827,1456,35
1832,18,0.0,112.408966,1413,67
1833,30,0.0,37.61795,1495,26
1834,31,0.0,139.10948,1342,86
1835,46,0.0,10.002347,0,1556
1836,32,0.0,26.989834,0,1495
1837,22,0.0,7.436215,0,1522
1838,10,0.0,31.783714,33,1494
1839,38,0.0,174.91788,1471,12
1840,21,0.0,166.30858,1492,0
1841,47,0.0,133.66669,1378,103
1842,17,0.0,105.4767,167,1321
1843,3,0.0,76.487015,28,1499
1844,10,0.0,46.203144,1459,61
1845,43,0.0,209.76193,0,0
1846,49,0.0,51.78678,1441,54
1847,33,0.0,133.70767,1457,67
1848,14,0.0,40.089893,0,0
1849,9,0.0,90.40015,36,1441
1850,49,0.0,80.17563,1438,1
1851,0,0.0,202.53806,1504,12
1852,39,0.0,1.9533216,0,1476
1853,24,0.0,7.744019,0,1545
1854,28,0.0,35.764385,1388,116
1855,44,0.0,76.28544,1211,292
1856,27,0.0,86.16362,1463,18
1857,9,0.0,133.68915,1467,16
1858,34,0.0,25.604025,1456,24
1859,11,0.0,51.254227,35,1458
1860,30,0.0,10.8597355,0,1507
1861,10,0.0,69.6589,1452,9
1862,3,0.0,140.3904,1419,66
1863,17,0.0,95.95365,0,0
1864,11,0.0,77.84904,1458,35
1865,40,0.0,48.53591,1171,334
1866,45,0.0,205.59047,1490,7
1867,44,0.0,48.1638,0,1526
1868,37,0.0,48.29634,1461,2
1869,35,0.0,10.92585,0,1518
1870,1,0.0,22.989216,2,1517
1871,36,0.0,21.64078,29,1479
1872,23,0.0,26.22307,2,1529
1873,0,0.0,156.83649,1481,16
1874,4,0.0,5.014951,1,1473
1875,3,0.0,198.41081,1496,14
1876,12,0.0,30.348227,21,1515
1877,36,0.0,4.6790147,1,1465
1878,27,0.0,82.92533,1523,17
1879,8,0.0,69.35985,1339,125
1880,14,0.0,3.6285124,1,1492
1881,10,0.0,18.311975,0,1505
1882,9,0.0,146.10933,1473,12
1883,41,0.0,96.822815,0,0
1884,14,0.0,25.644245,0,1499
1885,25,0.0,44.639175,1,1512
1886,7,0.0,128.01685,1448,12
1887,40,0.0,57.57062,1456,24
1888,45,0.0,15.673146,0,1491
1889,9,0.0,1.5917062,0,1476
1890,1,0.0,50.988514,1486,56
1891,39,0.0,6.1625395,27,1421
1892,49,0.0,53.61631,1433,71
1893,6,0.0,220.04181,1505,7
1894,0,0.0,131.20274,1418,77
1895,6,0.0,136.38779,1150,343
1896,39,0.0,8.430911,1476,0
1897,43,0.0,65.56329,18,1499
1898,43,0.0,38.561054,0,1467
1899,25,0.0,226.38943,1526,0
1900,34,0.0,16.211304,79,1407
1901,1,0.0,76.24169,1486,25
1902,16,0.0,84.479294,33,1486
1903,25,0.0,226.74788,1517,0
1904,21,0.0,39.97746,0,1488
1905,34,0.0,18.293104,1303,164
1906,3,0.0,178.20541,1496,13
1907,33,0.0,250.43462,0,0
1908,34,0.0,17.24764,1231,287
1909,22,0.0,23.005157,19,1481
1910,27,0.0,53.170845,78,1439
1911,2,0.0,18.382072,0,1515
1912,2,0.0,16.733458,0,1532
1913,3,0.0,72.52962,36,1437
1914,25,0.0,6.4255576,0,1483
1915,3,0.0,29.039911,1,1530
1916,17,0.0,171.5638,1479,9
1917,43,0.0,172.1863,1504,10
1918,46,0.0,137.23141,1298,189
1919,25,0.0,36.296665,0,1483
1920,29,0.0,168.1538,0,0
1921,23,0.0,101.61494,1425,59
1922,8,0.0,1.1571192,1,1495
1923,48,0.0,15.5318365,1,1551
1924,48,0.0,43.23475,1,1478
1925,35,0.0,246.23991,1577,7
1926,0,0.0,4.69894,1,1495
1927,11,0.0,76.186584,1444,57
1928,46,0.0,38.58353,0,1510
1929,10,0.0,40.807228,1420,77
1930,45,0.0,197.87897,1473,17
1931,38,0.0,128.40602,1396,87
1932,31,0.0,39.366615,1,1465
1933,42,0.0,79.24174,30,1455
1934,14,0.0,32.97286,3,1521
1935,25,0.0,79.222374,48,1431
1936,14,0.0,51.126217,1357,154
1937,9,0.0,151.14001,1484,18
1938,35,0.0,210.32893,1431,5
1939,9,0.0,188.13644,1455,3
1940,7,0.0,183.97269,1464,9
1941,3,0.0,18.284618,1,1482
1942,0,0.0,44.82397,0,1493
1943,49,0.0,23.150642,0,1458
1944,49,0.0,40.98083,291,1240
1945,13,0.0,7.7429523,1,1503
1946,30,0.0,5.3012075,1,1503
1947,34,0.0,17.685574,1324,199
1948,43,0.0,195.49077,1515,2
1949,4,0.0,120.093216,1384,71
1950,0,0.0,27.559238,0,1508
1951,4,0.0,95.955696,0,0
1952,18,0.0,26.173443,1,1549
1953,32,0.0,130.1248,1530,12
1954,9,0.0,19.034962,0,1497
1955,27,0.0,48.58201,7,1470
1956,22,0.0,44.751347,1471,0
1957,43,0.0,166.50519,1499,8
1958,32,0.0,103.14893,1492,46
1959,42,0.0,130.50832,1497,12
1960,35,0.0,36.871387,0,1510
1961,35,0.0,239.723,1561,5
1962,12,0.0,16.687683,0,1552
1963,3,0.0,56.353275,1,1522
1964,35,0.0,157.3494,1384,66
1965,29,0.0,161.64125,1485,12
1966,38,0.0,46.52022,2,1546
1967,37,0.0,46.899815,1443,5
1968,33,0.0,22.794477,0,1510
1969,42,0.0,96.62426,1456,63
1970,14,0.0,7.589892,1,1470
1971,26,0.0,42.04869,0,1457
1972,20,0.0,40.20697,1,1454
1973,10,0.0,51.53215,1455,43
1974,49,0.0,73.50977,1465,12
1975,33,0.0,84.15847,22,1504
1976,48,0.0,26.468487,0,0
1977,12,0.0,18.523462,1,1501
1978,33,0.0,82.63593,28,1477
1979,8,0.0,41.58158,21,1491
1980,39,0.0,6.6558175,27,1446
1981,21,0.0,156.92728,1503,10
1982,42,0.0,115.65992,1483,18
1983,12,0.0,54.344215,1459,17
1984,1,0.0,19.801714,0,1494
1985,3,0.0,206.76328,1520,6
1986,32,0.0,129.58594,1462,15
1987,47,0.0,138.10896,1483,91
1988,31,0.0,48.296524,4,1479
1989,27,0.0,5.7346354,0,0
1990,12,0.0,22.493729,0,1515
1991,4,0.0,209.14607,1536,11
1992,44,0.0,60.3883,66,1399
1993,28,0.0,55.21818,1451,9
1994,22,0.0,23.527155,30,1492
1995,17,0.0,82.665344,23,1474
1996,22,0.0,5.148633,0,1545
1997,2,0.0,29.278442,0,1512
1998,32,0.0,128.5268,1559,12
1999,21,0.0,120.80833,1487,15
