Id,PopSize,VAT,Levy,Tariff,WealthTax,Allowance,Unemployment,Black,Gdp,StateMoney,PopTotalMoney,NbTransactions,ConnectedStates
0,50,0.2,0.1,0.3,0.2,Flat,0.05,0.15,1162326.4,265.03333,63331.508,50267,
1,41,0.2,0.1,0.3,0.2,Flat,0.05,0.15,727520.56,133.75494,30447.992,25814,
2,59,0.2,0.1,0.3,0.2,Flat,0.05,0.15,1161716.9,243.32434,61096.51,38389,
3,65,0.2,0.1,0.3,0.2,Fair,0.05,0.15,1102010.8,48.208374,31360.684,40835,
4,55,0.2,0.1,0.3,0.2,Flat,0.05,0.15,842234.0,187.60349,44086.47,29932,
5,46,0.2,0.1,0.3,0.2,Fair,0.05,0.15,1041689.1,2.183487,47617.996,39570,
6,41,0.2,0.1,0.3,0.2,Flat,0.05,0.15,547013.25,130.28033,44942.766,15078,
7,46,0.2,0.1,0.3,0.2,Flat,0.05,0.15,1135159.9,279.2174,79764.23,36093,
8,52,0.2,0.1,0.3,0.2,Fair,0.05,0.15,1262756.4,2.9648051,68233.08,40258,
9,34,0.2,0.1,0.3,0.2,Flat,0.05,0.15,909006.7,230.49377,76720.24,26638,
10,51,0.2,0.1,0.3,0.2,Fair,0.05,0.15,889337.94,2.377411,58960.883,28487,
11,54,0.2,0.1,0.3,0.2,Fair,0.05,0.15,1175291.2,17.628115,49642.15,42055,
12,57,0.2,0.1,0.3,0.2,Fair,0.05,0.15,1294700.0,2.9741316,76849.37,38926,
13,52,0.2,0.1,0.3,0.2,Fair,0.05,0.15,1720509.2,3.9527512,90247.18,47904,
14,39,0.2,0.1,0.3,0.2,Fair,0.05,0.15,715206.75,44.66205,23604.117,26780,
15,51,0.2,0.1,0.3,0.2,Fair,0.05,0.15,610548.2,1.0556617,16782.363,24815,
16,41,0.2,0.1,0.3,0.2,Flat,0.05,0.15,728940.75,135.6145,30139.36,27583,
17,51,0.2,0.1,0.3,0.2,Fair,0.05,0.15,1037890.44,2.6289682,46203.1,39936,
18,62,0.2,0.1,0.3,0.2,Fair,0.05,0.15,1343063.1,3.4074097,68952.67,41077,
19,48,0.2,0.1,0.3,0.2,Flat,0.05,0.15,954358.2,169.3284,40856.69,38108,
20,54,0.2,0.1,0.3,0.2,Flat,0.05,0.15,952004.6,191.55206,47937.883,33501,
21,47,0.2,0.1,0.3,0.2,Fair,0.05,0.15,764756.4,42.3304,21282.139,21549,
22,62,0.2,0.1,0.3,0.2,Flat,0.05,0.15,1315742.5,301.0492,82555.984,45207,
23,54,0.2,0.1,0.3,0.2,Flat,0.05,0.15,1197368.2,305.38123,86433.77,37602,
24,59,0.2,0.1,0.3,0.2,Fair,0.05,0.15,1118082.9,2.1178753,40200.18,45192,
25,59,0.2,0.1,0.3,0.2,Fair,0.05,0.15,1202140.4,4.841881,52550.598,39077,
26,39,0.2,0.1,0.3,0.2,Flat,0.05,0.15,660421.6,99.521255,21449.867,27158,
27,41,0.2,0.1,0.3,0.2,Flat,0.05,0.15,573230.9,74.878265,13105.355,22131,
28,50,0.2,0.1,0.3,0.2,Fair,0.05,0.15,1287569.1,2.7660208,68185.625,43260,
29,49,0.2,0.1,0.3,0.2,Fair,0.05,0.15,1009103.25,79.24704,27689.148,36814,
30,49,0.2,0.1,0.3,0.2,Flat,0.05,0.15,1239524.6,330.19983,107139.85,34279,
31,47,0.2,0.1,0.3,0.2,Flat,0.05,0.15,786602.1,143.85754,34599.707,35867,
32,52,0.2,0.1,0.3,0.2,Flat,0.05,0.15,1076279.0,267.4199,70962.805,40720,
33,42,0.2,0.1,0.3,0.2,Flat,0.05,0.15,967524.7,224.39368,57470.16,30911,
34,50,0.2,0.1,0.3,0.2,Fair,0.05,0.15,1270812.4,3.032445,67017.93,35180,
35,39,0.2,0.1,0.3,0.2,Flat,0.05,0.15,1239931.4,394.58105,155040.73,34303,
36,54,0.2,0.1,0.3,0.2,Flat,0.05,0.15,708015.7,127.34972,26939.023,23560,
37,54,0.2,0.1,0.3,0.2,Fair,0.05,0.15,779555.6,1.7521284,28616.559,28471,
38,59,0.2,0.1,0.3,0.2,Fair,0.05,0.15,1168008.0,42.764267,41236.75,42074,
39,63,0.2,0.1,0.3,0.2,Flat,0.05,0.15,1106982.6,236.15973,59600.453,40837,
40,41,0.2,0.1,0.3,0.2,Fair,0.05,0.15,1108745.2,2.5822945,58867.074,34786,
41,56,0.2,0.1,0.3,0.2,Flat,0.05,0.15,1398206.6,364.6361,113870.98,32931,
42,52,0.2,0.1,0.3,0.2,Flat,0.05,0.15,1213688.0,263.0714,77701.734,37252,
43,48,0.2,0.1,0.3,0.2,Fair,0.05,0.15,916954.9,2.050393,40780.36,28348,
44,48,0.2,0.1,0.3,0.2,Fair,0.05,0.15,804350.44,1.539608,35677.914,25872,
45,47,0.2,0.1,0.3,0.2,Flat,0.05,0.15,1230102.0,268.1919,77357.8,38545,
46,56,0.2,0.1,0.3,0.2,Fair,0.05,0.15,1126403.2,43.782944,40800.51,43302,
47,47,0.2,0.1,0.3,0.2,Flat,0.05,0.15,831621.44,128.7558,26607.926,31669,
48,43,0.2,0.1,0.3,0.2,Fair,0.05,0.15,871592.3,27.48639,25473.758,32785,
49,53,0.2,0.1,0.3,0.2,Fair,0.05,0.15,1023918.75,17.617546,36191.5,38705,
50,59,0.2,0.1,0.3,0.2,Flat,0.05,0.15,1706964.6,567.23364,204684.88,50907,
51,45,0.2,0.1,0.3,0.2,Fair,0.05,0.15,1233667.8,3.3096485,84168.14,37808,
52,49,0.2,0.1,0.3,0.2,Fair,0.05,0.15,1206390.1,2.6610346,61032.92,41292,
53,44,0.2,0.1,0.3,0.2,Fair,0.05,0.15,1075365.6,2.1764526,44658.69,32722,
54,53,0.2,0.1,0.3,0.2,Flat,0.05,0.15,964591.8,220.68753,60423.65,31504,
55,45,0.2,0.1,0.3,0.2,Fair,0.05,0.15,668945.0,1.4243641,23416.383,22985,
56,55,0.2,0.1,0.3,0.2,Fair,0.05,0.15,923411.6,1.9309256,41187.254,32008,
57,50,0.2,0.1,0.3,0.2,Fair,0.05,0.15,1237876.5,2.4770536,57567.133,43880,
58,53,0.2,0.1,0.3,0.2,Flat,0.05,0.15,1369499.1,305.4663,79599.18,46212,
59,59,0.2,0.1,0.3,0.2,Flat,0.05,0.15,1504874.1,353.8883,101623.35,42304,
60,50,0.2,0.1,0.3,0.2,Fair,0.05,0.15,1152136.2,31.476486,31571.281,36354,
61,39,0.2,0.1,0.3,0.2,Fair,0.05,0.15,673266.7,1.4463906,27247.29,28291,
62,46,0.2,0.1,0.3,0.2,Fair,0.05,0.15,1027810.75,39.172897,39086.312,33753,
63,52,0.2,0.1,0.3,0.2,Fair,0.05,0.15,1606124.4,3.6451645,90326.805,38991,
64,56,0.2,0.1,0.3,0.2,Fair,0.05,0.15,1448833.1,3.8140888,98364.26,39096,
65,58,0.2,0.1,0.3,0.2,Flat,0.05,0.15,1409287.8,317.7915,88014.64,43166,
66,43,0.2,0.1,0.3,0.2,Flat,0.05,0.15,975923.75,183.48633,45605.742,31634,
67,58,0.2,0.1,0.3,0.2,Fair,0.05,0.15,1053116.2,1.7638247,41044.008,43041,
68,49,0.2,0.1,0.3,0.2,Flat,0.05,0.15,1118852.0,246.40475,63733.3,39164,
69,55,0.2,0.1,0.3,0.2,Fair,0.05,0.15,1354284.8,3.4873085,72086.14,41884,
70,49,0.2,0.1,0.3,0.2,Fair,0.05,0.15,1092104.9,2.6558247,59902.92,31648,
71,43,0.2,0.1,0.3,0.2,Fair,0.05,0.15,1116440.5,2.838306,59807.668,35417,
72,46,0.2,0.1,0.3,0.2,Fair,0.05,0.15,1035985.4,2.1067371,53071.875,36475,
73,44,0.2,0.1,0.3,0.2,Fair,0.05,0.15,678194.0,0.97190046,21841.758,23152,
74,32,0.2,0.1,0.3,0.2,Fair,0.05,0.15,494693.44,0.7812648,23150.91,14419,
75,47,0.2,0.1,0.3,0.2,Flat,0.05,0.15,904939.7,192.7168,59893.938,30767,
76,53,0.2,0.1,0.3,0.2,Fair,0.05,0.15,1056464.0,19.120125,40996.766,37692,
77,43,0.2,0.1,0.3,0.2,Fair,0.05,0.15,905515.0,22.86671,28393.176,36584,
78,42,0.2,0.1,0.3,0.2,Flat,0.05,0.15,891943.7,215.6636,61201.566,31125,
79,59,0.2,0.1,0.3,0.2,Fair,0.05,0.15,1208545.8,60.71145,30220.88,38646,
80,52,0.2,0.1,0.3,0.2,Flat,0.05,0.15,1110986.1,291.44153,79437.58,39767,
81,52,0.2,0.1,0.3,0.2,Fair,0.05,0.15,1342577.9,56.007545,46395.586,45204,
82,40,0.2,0.1,0.3,0.2,Flat,0.05,0.15,1115351.5,285.62585,87576.47,28340,
83,39,0.2,0.1,0.3,0.2,Fair,0.05,0.15,628177.6,1.076397,27749.88,22755,
84,51,0.2,0.1,0.3,0.2,Fair,0.05,0.15,920457.56,2.1319616,56161.984,28857,
85,54,0.2,0.1,0.3,0.2,Flat,0.05,0.15,1463103.6,405.23718,136806.62,32181,
86,44,0.2,0.1,0.3,0.2,Fair,0.05,0.15,887089.56,10.272263,38914.28,32120,
87,50,0.2,0.1,0.3,0.2,Flat,0.05,0.15,835908.9,141.8789,30527.25,30134,
88,52,0.2,0.1,0.3,0.2,Flat,0.05,0.15,1085239.1,199.02087,45476.69,38342,
89,59,0.2,0.1,0.3,0.2,Fair,0.05,0.15,1017245.6,2.296073,48580.24,31896,
90,35,0.2,0.1,0.3,0.2,Fair,0.05,0.15,654636.2,46.694946,20153.768,25490,
91,53,0.2,0.1,0.3,0.2,Fair,0.05,0.15,1104039.9,54.997093,37792.33,39488,
92,44,0.2,0.1,0.3,0.2,Flat,0.05,0.15,796210.7,86.599335,21899.822,25645,
93,50,0.2,0.1,0.3,0.2,Flat,0.05,0.15,1059452.9,253.44772,75312.016,31831,
94,44,0.2,0.1,0.3,0.2,Fair,0.05,0.15,1157386.8,2.8842168,64991.297,34134,
95,51,0.2,0.1,0.3,0.2,Flat,0.05,0.15,923346.2,158.28204,37469.83,30012,
96,50,0.2,0.1,0.3,0.2,Fair,0.05,0.15,1226366.5,19.87233,45639.07,31952,
97,46,0.2,0.1,0.3,0.2,Fair,0.05,0.15,707512.56,9.509289,18452.941,30484,
98,46,0.2,0.1,0.3,0.2,Flat,0.05,0.15,920785.06,220.61084,69224.83,21708,
99,36,0.2,0.1,0.3,0.2,Flat,0.05,0.15,902922.94,262.05554,86147.29,24056,
100,52,0.2,0.1,0.3,0.2,Flat,0.05,0.15,1370051.2,405.8175,131378.77,41005,
101,39,0.2,0.1,0.3,0.2,Flat,0.05,0.15,760077.75,198.59811,61408.195,25521,
102,54,0.2,0.1,0.3,0.2,Fair,0.05,0.15,879590.4,56.093254,19563.44,27275,
103,63,0.2,0.1,0.3,0.2,Flat,0.05,0.15,1270596.0,226.45316,45485.96,45036,
104,68,0.2,0.1,0.3,0.2,Fair,0.05,0.15,1071878.4,2.3225143,42918.914,43688,
105,56,0.2,0.1,0.3,0.2,Fair,0.05,0.15,1049561.9,2.6209116,52918.062,35086,
106,64,0.2,0.1,0.3,0.2,Flat,0.05,0.15,1356738.5,214.88425,56239.844,50060,
107,45,0.2,0.1,0.3,0.2,Fair,0.05,0.15,1039148.5,39.1465,37200.57,37598,
108,56,0.2,0.1,0.3,0.2,Fair,0.05,0.15,964074.7,2.2854578,55325.766,25996,
109,51,0.2,0.1,0.3,0.2,Flat,0.05,0.15,955726.44,223.32727,59282.754,32930,
110,36,0.2,0.1,0.3,0.2,Fair,0.05,0.15,698462.1,1.6327288,39451.61,21539,
111,58,0.2,0.1,0.3,0.2,Fair,0.05,0.15,1064760.2,2.5073006,54132.438,37971,
112,41,0.2,0.1,0.3,0.2,Flat,0.05,0.15,666666.7,109.25238,30068.777,29521,
113,51,0.2,0.1,0.3,0.2,Flat,0.05,0.15,986998.5,186.8064,41032.656,33892,
114,56,0.2,0.1,0.3,0.2,Flat,0.05,0.15,1234944.8,204.75073,50049.617,41151,
115,49,0.2,0.1,0.3,0.2,Flat,0.05,0.15,730133.44,122.35472,22212.809,33048,
116,56,0.2,0.1,0.3,0.2,Fair,0.05,0.15,1351713.6,3.1952229,73244.65,37090,
117,44,0.2,0.1,0.3,0.2,Fair,0.05,0.15,848847.06,2.0234766,35955.605,26371,
118,48,0.2,0.1,0.3,0.2,Fair,0.05,0.15,649699.2,1.4908013,34457.29,23764,
119,39,0.2,0.1,0.3,0.2,Flat,0.05,0.15,806385.3,144.73175,36838.664,27172,
120,47,0.2,0.1,0.3,0.2,Fair,0.05,0.15,1108654.6,2.0125732,40389.586,33029,
121,56,0.2,0.1,0.3,0.2,Flat,0.05,0.15,949379.4,163.20392,38100.434,39844,
122,26,0.2,0.1,0.3,0.2,Flat,0.05,0.15,403444.9,71.27539,15659.112,13707,
123,46,0.2,0.1,0.3,0.2,Flat,0.05,0.15,1035068.4,218.1213,58729.203,29713,
124,51,0.2,0.1,0.3,0.2,Fair,0.05,0.15,1048666.4,1.9737699,46089.562,28488,
125,56,0.2,0.1,0.3,0.2,Flat,0.05,0.15,1070793.5,190.80734,47751.38,36549,
126,58,0.2,0.1,0.3,0.2,Flat,0.05,0.15,1405416.6,293.79773,80359.27,38044,
127,53,0.2,0.1,0.3,0.2,Flat,0.05,0.15,1098131.6,243.26807,57529.824,40324,
128,51,0.2,0.1,0.3,0.2,Fair,0.05,0.15,686222.0,1.4496212,31179.324,28396,
129,52,0.2,0.1,0.3,0.2,Flat,0.05,0.15,562624.25,67.9946,7902.3115,31190,
130,44,0.2,0.1,0.3,0.2,Flat,0.05,0.15,812017.0,177.98538,48774.344,25123,
131,48,0.2,0.1,0.3,0.2,Flat,0.05,0.15,1024644.25,201.81946,53815.484,36485,
132,66,0.2,0.1,0.3,0.2,Fair,0.05,0.15,1259290.6,77.8273,30684.787,44561,
133,45,0.2,0.1,0.3,0.2,Fair,0.05,0.15,1236787.1,2.9589849,65304.848,33134,
134,46,0.2,0.1,0.3,0.2,Fair,0.05,0.15,772340.56,2.5630999,23115.64,32147,
135,48,0.2,0.1,0.3,0.2,Fair,0.05,0.15,871125.56,14.542753,25226.275,35032,
136,51,0.2,0.1,0.3,0.2,Fair,0.05,0.15,967039.25,19.075417,34347.14,36028,
137,55,0.2,0.1,0.3,0.2,Flat,0.05,0.15,1406096.1,378.03284,114032.8,43888,
138,55,0.2,0.1,0.3,0.2,Fair,0.05,0.15,992778.56,2.0055006,35000.984,41163,
139,38,0.2,0.1,0.3,0.2,Fair,0.05,0.15,533724.94,54.22113,7944.361,19167,
140,52,0.2,0.1,0.3,0.2,Flat,0.05,0.15,1236522.6,285.0055,73606.06,40473,
141,59,0.2,0.1,0.3,0.2,Flat,0.05,0.15,1186641.5,203.68048,42640.676,38298,
142,59,0.2,0.1,0.3,0.2,Flat,0.05,0.15,1236997.6,294.28955,83610.87,41385,
143,46,0.2,0.1,0.3,0.2,Flat,0.05,0.15,972929.3,270.16846,78946.99,33474,
144,54,0.2,0.1,0.3,0.2,Fair,0.05,0.15,890523.5,2.4791453,51578.37,31677,
145,51,0.2,0.1,0.3,0.2,Fair,0.05,0.15,1501739.8,3.636713,81402.29,41837,
146,60,0.2,0.1,0.3,0.2,Flat,0.05,0.15,923939.3,148.75246,22061.54,40049,
147,63,0.2,0.1,0.3,0.2,Flat,0.05,0.15,1103867.9,220.01447,52133.816,39702,
148,63,0.2,0.1,0.3,0.2,Fair,0.05,0.15,1022856.94,17.45096,38923.824,41972,
149,45,0.2,0.1,0.3,0.2,Flat,0.05,0.15,572459.6,121.5733,32106.812,28085,
150,54,0.2,0.1,0.3,0.2,Flat,0.05,0.15,1036453.5,183.87961,45227.906,39567,
151,54,0.2,0.1,0.3,0.2,Flat,0.05,0.15,881248.0,107.477585,25568.312,35523,
152,53,0.2,0.1,0.3,0.2,Flat,0.05,0.15,1223334.1,264.34134,65785.18,37094,
153,51,0.2,0.1,0.3,0.2,Flat,0.05,0.15,695373.25,130.13869,33742.957,33177,
154,67,0.2,0.1,0.3,0.2,Fair,0.05,0.15,1550584.2,12.628742,48751.59,48463,
155,62,0.2,0.1,0.3,0.2,Fair,0.05,0.15,1299297.4,2.704731,54726.406,44370,
156,56,0.2,0.1,0.3,0.2,Fair,0.05,0.15,811759.6,45.60643,17983.459,28248,
157,48,0.2,0.1,0.3,0.2,Flat,0.05,0.15,1091128.4,257.3955,72829.49,35470,
158,48,0.2,0.1,0.3,0.2,Flat,0.05,0.15,861227.44,114.54039,20679.828,31331,
159,57,0.2,0.1,0.3,0.2,Flat,0.05,0.15,758831.0,83.865326,10187.202,37977,
160,58,0.2,0.1,0.3,0.2,Flat,0.05,0.15,1277303.8,253.81058,58732.492,42637,
161,47,0.2,0.1,0.3,0.2,Flat,0.05,0.15,522012.6,71.4061,13583.651,28877,
162,53,0.2,0.1,0.3,0.2,Flat,0.05,0.15,873672.6,108.97438,21101.184,29663,
163,53,0.2,0.1,0.3,0.2,Fair,0.05,0.15,685921.4,32.93312,21484.988,34707,
164,53,0.2,0.1,0.3,0.2,Fair,0.05,0.15,1451265.8,3.7845898,74783.47,43949,
165,45,0.2,0.1,0.3,0.2,Fair,0.05,0.15,940227.1,5.2383804,41934.33,28885,
166,60,0.2,0.1,0.3,0.2,Fair,0.05,0.15,1122494.9,57.35366,31782.145,45525,
167,49,0.2,0.1,0.3,0.2,Flat,0.05,0.15,943501.56,183.06372,45211.04,30586,
168,69,0.2,0.1,0.3,0.2,Flat,0.05,0.15,1397437.1,291.5249,67365.695,50684,
169,52,0.2,0.1,0.3,0.2,Flat,0.05,0.15,1125693.6,232.56897,61231.96,39026,
170,46,0.2,0.1,0.3,0.2,Flat,0.05,0.15,787148.8,169.7102,40016.008,22628,
171,63,0.2,0.1,0.3,0.2,Fair,0.05,0.15,1004813.0,2.394413,47765.598,45404,
172,34,0.2,0.1,0.3,0.2,Fair,0.05,0.15,589558.56,2.126298,19500.617,22884,
173,55,0.2,0.1,0.3,0.2,Flat,0.05,0.15,1276487.5,319.75232,96881.164,37750,
174,55,0.2,0.1,0.3,0.2,Flat,0.05,0.15,1032207.2,176.4765,38670.84,35046,
175,58,0.2,0.1,0.3,0.2,Flat,0.05,0.15,1421159.2,348.2959,96408.266,40267,
176,49,0.2,0.1,0.3,0.2,Fair,0.05,0.15,583711.1,1.2363472,20566.809,30350,
177,59,0.2,0.1,0.3,0.2,Flat,0.05,0.15,926396.8,148.94037,32296.816,39617,
178,40,0.2,0.1,0.3,0.2,Fair,0.05,0.15,719348.3,6.0727654,21825.777,28875,
179,42,0.2,0.1,0.3,0.2,Fair,0.05,0.15,1027830.3,6.3937073,45272.406,37772,
180,44,0.2,0.1,0.3,0.2,Fair,0.05,0.15,748312.2,38.57428,18090.629,29965,
181,51,0.2,0.1,0.3,0.2,Flat,0.05,0.15,981798.56,181.72559,41609.766,35979,
182,37,0.2,0.1,0.3,0.2,Fair,0.05,0.15,506892.88,0.99652624,24957.727,20474,
183,65,0.2,0.1,0.3,0.2,Flat,0.05,0.15,1284839.1,275.0504,66926.555,45477,
184,50,0.2,0.1,0.3,0.2,Fair,0.05,0.15,1007732.75,2.430271,49202.555,31420,
185,57,0.2,0.1,0.3,0.2,Flat,0.05,0.15,1511362.9,341.88306,92615.16,47807,
186,49,0.2,0.1,0.3,0.2,Flat,0.05,0.15,698298.1,110.69617,26772.314,34708,
187,60,0.2,0.1,0.3,0.2,Fair,0.05,0.15,1676078.6,3.1909108,75011.49,47073,
188,49,0.2,0.1,0.3,0.2,Flat,0.05,0.15,803289.4,146.36023,34985.75,40319,
189,51,0.2,0.1,0.3,0.2,Fair,0.05,0.15,888593.25,16.39624,30620.244,32198,
190,54,0.2,0.1,0.3,0.2,Fair,0.05,0.15,1379843.4,2.7905626,63320.57,40492,
191,50,0.2,0.1,0.3,0.2,Flat,0.05,0.15,1232799.2,308.1067,92954.81,33820,
192,48,0.2,0.1,0.3,0.2,Fair,0.05,0.15,595573.8,1.3170023,25974.113,21268,
193,46,0.2,0.1,0.3,0.2,Flat,0.05,0.15,1176199.5,294.74792,92010.45,33140,
194,42,0.2,0.1,0.3,0.2,Flat,0.05,0.15,1161309.5,266.2257,66871.805,38556,
195,56,0.2,0.1,0.3,0.2,Fair,0.05,0.15,1101553.2,2.234882,50626.633,38575,
196,48,0.2,0.1,0.3,0.2,Flat,0.05,0.15,853629.5,126.758545,28535.443,27256,
197,53,0.2,0.1,0.3,0.2,Fair,0.05,0.15,1104929.5,2.4520044,49516.105,40715,
198,46,0.2,0.1,0.3,0.2,Fair,0.05,0.15,775257.7,34.1176,21767.7,28808,
199,45,0.2,0.1,0.3,0.2,Fair,0.05,0.15,1005718.56,2.4300795,48508.0,31582,
200,59,0.2,0.1,0.3,0.2,Flat,0.05,0.15,1022287.7,184.00153,45319.9,32306,
201,45,0.2,0.1,0.3,0.2,Flat,0.05,0.15,1178958.4,292.14697,88103.25,36777,
202,49,0.2,0.1,0.3,0.2,Fair,0.05,0.15,702622.2,1.8688433,37545.473,23606,
203,48,0.2,0.1,0.3,0.2,Flat,0.05,0.15,862575.8,130.22656,25270.426,28835,
204,38,0.2,0.1,0.3,0.2,Flat,0.05,0.15,895392.7,216.30872,67528.14,24770,
205,54,0.2,0.1,0.3,0.2,Fair,0.05,0.15,1375920.4,74.15805,45932.035,44577,
206,55,0.2,0.1,0.3,0.2,Flat,0.05,0.15,1210405.5,198.20633,44996.117,40212,
207,46,0.2,0.1,0.3,0.2,Flat,0.05,0.15,944582.4,224.34363,61026.21,29682,
208,41,0.2,0.1,0.3,0.2,Fair,0.05,0.15,778546.44,2.0139465,43694.055,27649,
209,45,0.2,0.1,0.3,0.2,Fair,0.05,0.15,785247.25,1.66992,41377.57,26667,
210,37,0.2,0.1,0.3,0.2,Flat,0.05,0.15,790532.06,143.6698,37569.723,24112,
211,59,0.2,0.1,0.3,0.2,Fair,0.05,0.15,1141177.2,29.513012,44961.812,48192,
212,39,0.2,0.1,0.3,0.2,Fair,0.05,0.15,901395.1,1.6380444,32618.988,30821,
213,40,0.2,0.1,0.3,0.2,Flat,0.05,0.15,865708.75,158.86514,37181.285,28156,
214,50,0.2,0.1,0.3,0.2,Fair,0.05,0.15,1114448.1,2.2508965,50491.97,32467,
215,51,0.2,0.1,0.3,0.2,Fair,0.05,0.15,1084133.1,2.3520985,56785.695,38488,
216,42,0.2,0.1,0.3,0.2,Fair,0.05,0.15,1015990.06,2.539669,70488.81,30979,
217,51,0.2,0.1,0.3,0.2,Flat,0.05,0.15,903418.9,150.41388,30621.008,34118,
218,56,0.2,0.1,0.3,0.2,Fair,0.05,0.15,1209589.5,2.3063662,55707.55,44779,
219,52,0.2,0.1,0.3,0.2,Flat,0.05,0.15,1085157.1,225.0455,57838.617,38413,
220,57,0.2,0.1,0.3,0.2,Fair,0.05,0.15,770301.6,42.410324,20448.963,32242,
221,54,0.2,0.1,0.3,0.2,Flat,0.05,0.15,924347.3,182.5744,41840.51,32320,
222,64,0.2,0.1,0.3,0.2,Fair,0.05,0.15,1084457.5,13.575733,42985.133,40037,
223,52,0.2,0.1,0.3,0.2,Flat,0.05,0.15,864985.2,158.48541,35742.54,35911,
224,50,0.2,0.1,0.3,0.2,Flat,0.05,0.15,874759.5,103.52321,18323.709,34303,
225,41,0.2,0.1,0.3,0.2,Fair,0.05,0.15,826295.94,1.5632772,37124.426,31060,
226,59,0.2,0.1,0.3,0.2,Flat,0.05,0.15,1284100.9,280.3101,74417.695,40179,
227,58,0.2,0.1,0.3,0.2,Fair,0.05,0.15,1531520.8,3.4776878,82595.14,45115,
228,44,0.2,0.1,0.3,0.2,Flat,0.05,0.15,716068.25,164.21509,45008.246,23435,
229,55,0.2,0.1,0.3,0.2,Fair,0.05,0.15,996846.0,13.722403,30905.592,32626,
230,41,0.2,0.1,0.3,0.2,Fair,0.05,0.15,668206.7,1.2478108,24605.42,23876,
231,45,0.2,0.1,0.3,0.2,Flat,0.05,0.15,972013.75,173.96738,43186.668,34600,
232,53,0.2,0.1,0.3,0.2,Fair,0.05,0.15,922531.1,91.91638,14470.614,37601,
233,46,0.2,0.1,0.3,0.2,Flat,0.05,0.15,737804.6,122.833435,26911.98,36405,
234,51,0.2,0.1,0.3,0.2,Fair,0.05,0.15,1201088.4,3.311162,72915.06,36970,
235,41,0.2,0.1,0.3,0.2,Fair,0.05,0.15,944829.4,2.2336931,48374.617,28083,
236,63,0.2,0.1,0.3,0.2,Flat,0.05,0.15,1041801.8,232.56177,63670.426,38145,
237,52,0.2,0.1,0.3,0.2,Fair,0.05,0.15,987888.75,2.3616142,52766.582,31035,
238,48,0.2,0.1,0.3,0.2,Fair,0.05,0.15,1084713.4,9.477737,48091.324,33835,
239,49,0.2,0.1,0.3,0.2,Flat,0.05,0.15,1182641.2,299.06458,90001.47,38607,
240,44,0.2,0.1,0.3,0.2,Flat,0.05,0.15,908269.7,174.89444,45438.668,32991,
241,58,0.2,0.1,0.3,0.2,Fair,0.05,0.15,1048509.8,2.055952,55832.086,30800,
242,48,0.2,0.1,0.3,0.2,Flat,0.05,0.15,1030700.8,222.73975,52114.215,36493,
243,34,0.2,0.1,0.3,0.2,Flat,0.05,0.15,697470.25,131.44339,40230.992,22251,
244,48,0.2,0.1,0.3,0.2,Fair,0.05,0.15,1199739.0,2.7581673,57243.97,40162,
245,48,0.2,0.1,0.3,0.2,Fair,0.05,0.15,1170540.2,17.55259,41549.234,41767,
246,48,0.2,0.1,0.3,0.2,Flat,0.05,0.15,1019530.56,119.10321,22758.371,30460,
247,45,0.2,0.1,0.3,0.2,Fair,0.05,0.15,917797.44,2.0800781,40908.35,33526,
248,47,0.2,0.1,0.3,0.2,Flat,0.05,0.15,731054.3,120.68353,28703.238,29020,
249,40,0.2,0.1,0.3,0.2,Fair,0.05,0.15,525905.5,37.985527,9300.883,21522,
250,36,0.2,0.1,0.3,0.2,Fair,0.05,0.15,990022.1,2.0202522,46942.465,28500,
251,52,0.2,0.1,0.3,0.2,Flat,0.05,0.15,1240205.2,242.52444,59792.676,38436,
252,48,0.2,0.1,0.3,0.2,Flat,0.05,0.15,927976.3,195.04962,48782.754,27466,
253,49,0.2,0.1,0.3,0.2,Flat,0.05,0.15,818569.44,172.10962,43573.16,29504,
254,35,0.2,0.1,0.3,0.2,Fair,0.05,0.15,472360.1,26.880356,7450.614,15022,
255,58,0.2,0.1,0.3,0.2,Fair,0.05,0.15,1503825.4,3.6338835,77180.67,45833,
256,50,0.2,0.1,0.3,0.2,Flat,0.05,0.15,848804.94,181.7605,44781.61,28872,
257,52,0.2,0.1,0.3,0.2,Flat,0.05,0.15,1129337.4,262.395,64685.33,37134,
258,48,0.2,0.1,0.3,0.2,Flat,0.05,0.15,979448.9,181.73184,34508.637,38910,
259,36,0.2,0.1,0.3,0.2,Fair,0.05,0.15,812058.3,2.0012217,56955.98,24093,
260,42,0.2,0.1,0.3,0.2,Fair,0.05,0.15,562389.94,1.097528,24022.29,19163,
261,62,0.2,0.1,0.3,0.2,Fair,0.05,0.15,1408952.6,33.149235,50502.207,43354,
262,58,0.2,0.1,0.3,0.2,Fair,0.05,0.15,1227575.1,2.4862669,45773.812,44559,
263,50,0.2,0.1,0.3,0.2,Fair,0.05,0.15,909829.3,50.42466,21968.988,32719,
264,36,0.2,0.1,0.3,0.2,Fair,0.05,0.15,733877.4,6.2015724,29026.434,26598,
265,40,0.2,0.1,0.3,0.2,Fair,0.05,0.15,688618.3,1.1750674,29031.504,23707,
266,52,0.2,0.1,0.3,0.2,Flat,0.05,0.15,1217906.9,305.10974,86378.68,39380,
267,53,0.2,0.1,0.3,0.2,Fair,0.05,0.15,1238926.2,3.124217,62509.117,40771,
268,45,0.2,0.1,0.3,0.2,Fair,0.05,0.15,918416.8,2.4116096,48221.83,25484,
269,50,0.2,0.1,0.3,0.2,Fair,0.05,0.15,902338.9,1.869216,44781.28,27942,
270,42,0.2,0.1,0.3,0.2,Fair,0.05,0.15,1156669.4,3.0389538,62682.785,36729,
271,56,0.2,0.1,0.3,0.2,Flat,0.05,0.15,1310809.6,311.1775,95116.39,39749,
272,46,0.2,0.1,0.3,0.2,Flat,0.05,0.15,878592.8,137.59454,26122.363,32610,
273,41,0.2,0.1,0.3,0.2,Flat,0.05,0.15,890164.9,182.47302,51268.54,28204,
274,36,0.2,0.1,0.3,0.2,Flat,0.05,0.15,686914.7,117.0672,37594.66,21355,
275,51,0.2,0.1,0.3,0.2,Fair,0.05,0.15,1143669.0,2.4461193,56237.31,28154,
276,54,0.2,0.1,0.3,0.2,Flat,0.05,0.15,1232370.9,289.11487,80802.09,34958,
277,50,0.2,0.1,0.3,0.2,Flat,0.05,0.15,1156973.8,251.93164,61753.914,35609,
278,56,0.2,0.1,0.3,0.2,Flat,0.05,0.15,801500.06,175.13763,46450.305,24660,
279,47,0.2,0.1,0.3,0.2,Flat,0.05,0.15,1286962.4,351.78522,105417.29,42531,
280,55,0.2,0.1,0.3,0.2,Fair,0.05,0.15,926944.2,4.309048,33437.977,38600,
281,49,0.2,0.1,0.3,0.2,Flat,0.05,0.15,1043202.06,220.526,62901.953,31301,
282,53,0.2,0.1,0.3,0.2,Flat,0.05,0.15,849611.44,111.528076,19266.406,34362,
283,70,0.2,0.1,0.3,0.2,Fair,0.05,0.15,1121412.5,2.7935448,52844.926,46020,
284,53,0.2,0.1,0.3,0.2,Flat,0.05,0.15,909827.75,178.14496,44139.656,33385,
285,40,0.2,0.1,0.3,0.2,Fair,0.05,0.15,680390.6,1.1109333,26232.996,28923,
286,45,0.2,0.1,0.3,0.2,Flat,0.05,0.15,890905.75,186.87753,43790.734,34786,
287,62,0.2,0.1,0.3,0.2,Flat,0.05,0.15,1365356.9,273.0056,63370.25,48030,
288,38,0.2,0.1,0.3,0.2,Fair,0.05,0.15,990921.7,2.483201,61697.805,23596,
289,42,0.2,0.1,0.3,0.2,Fair,0.05,0.15,904763.4,10.885462,34429.023,30351,
290,36,0.2,0.1,0.3,0.2,Fair,0.05,0.15,649011.2,1.2717228,24788.36,23652,
291,45,0.2,0.1,0.3,0.2,Fair,0.05,0.15,1002458.9,2.3444023,63111.664,24881,
292,43,0.2,0.1,0.3,0.2,Flat,0.05,0.15,754872.8,107.99567,21832.488,28760,
293,42,0.2,0.1,0.3,0.2,Fair,0.05,0.15,993152.9,1.9873972,49307.773,29727,
294,55,0.2,0.1,0.3,0.2,Flat,0.05,0.15,1210345.2,219.5264,51322.273,32688,
295,48,0.2,0.1,0.3,0.2,Flat,0.05,0.15,1002897.3,152.8377,33872.32,41658,
296,59,0.2,0.1,0.3,0.2,Fair,0.05,0.15,882753.44,18.457003,30438.734,30000,
297,46,0.2,0.1,0.3,0.2,Fair,0.05,0.15,744118.75,1.608448,46016.293,25947,
298,57,0.2,0.1,0.3,0.2,Flat,0.05,0.15,1593970.6,432.27008,141261.28,46774,
299,51,0.2,0.1,0.3,0.2,Fair,0.05,0.15,730206.9,50.312546,15218.67,30709,
300,40,0.2,0.1,0.3,0.2,Fair,0.05,0.15,722887.56,1.5696249,32224.219,25789,
301,44,0.2,0.1,0.3,0.2,Flat,0.05,0.15,941262.2,180.68015,48294.78,35504,
302,40,0.2,0.1,0.3,0.2,Fair,0.05,0.15,687690.94,1.6510286,30058.594,23829,
303,67,0.2,0.1,0.3,0.2,Fair,0.05,0.15,1813095.2,4.2565126,84095.766,49986,
304,57,0.2,0.1,0.3,0.2,Fair,0.05,0.15,1213536.1,92.15048,20199.592,39597,
305,46,0.2,0.1,0.3,0.2,Flat,0.05,0.15,1170022.1,343.9972,114998.7,34596,
306,48,0.2,0.1,0.3,0.2,Fair,0.05,0.15,791925.0,1.4080789,37846.99,23860,
307,52,0.2,0.1,0.3,0.2,Flat,0.05,0.15,1174050.2,264.78918,70908.31,36969,
308,65,0.2,0.1,0.3,0.2,Flat,0.05,0.15,1207572.4,289.0896,67390.95,43229,
309,60,0.2,0.1,0.3,0.2,Flat,0.05,0.15,1134695.8,225.88086,51719.723,44075,
310,45,0.2,0.1,0.3,0.2,Flat,0.05,0.15,1248525.9,272.02673,82417.16,37666,
311,57,0.2,0.1,0.3,0.2,Flat,0.05,0.15,1371641.9,318.40833,91160.91,43568,
312,50,0.2,0.1,0.3,0.2,Fair,0.05,0.15,1028709.06,72.07361,27457.908,34937,
313,48,0.2,0.1,0.3,0.2,Flat,0.05,0.15,769522.94,157.0008,42475.14,25245,
314,52,0.2,0.1,0.3,0.2,Fair,0.05,0.15,1032891.06,2.4784887,54463.105,31370,
315,41,0.2,0.1,0.3,0.2,Flat,0.05,0.15,917856.7,189.38171,50904.164,33312,
316,69,0.2,0.1,0.3,0.2,Fair,0.05,0.15,1313771.4,61.796646,29816.438,40342,
317,48,0.2,0.1,0.3,0.2,Flat,0.05,0.15,837759.8,181.36053,50612.926,29729,
318,49,0.2,0.1,0.3,0.2,Flat,0.05,0.15,1111309.1,238.46707,62174.188,41845,
319,48,0.2,0.1,0.3,0.2,Fair,0.05,0.15,857970.94,34.706406,30981.969,36973,
320,45,0.2,0.1,0.3,0.2,Flat,0.05,0.15,671319.56,121.58832,32860.23,24793,
321,69,0.2,0.1,0.3,0.2,Flat,0.05,0.15,939942.1,168.66893,41573.61,34078,
322,61,0.2,0.1,0.3,0.2,Fair,0.05,0.15,1135458.8,56.75894,31885.814,44081,
323,42,0.2,0.1,0.3,0.2,Fair,0.05,0.15,907788.0,35.50885,24715.863,27346,
324,44,0.2,0.1,0.3,0.2,Flat,0.05,0.15,835647.25,158.52933,34752.65,36367,
325,54,0.2,0.1,0.3,0.2,Flat,0.05,0.15,1046840.06,192.90695,44141.266,32375,
326,53,0.2,0.1,0.3,0.2,Fair,0.05,0.15,1064851.9,2.5499077,49692.71,36396,
327,47,0.2,0.1,0.3,0.2,Fair,0.05,0.15,679085.7,0.9092474,17607.875,24244,
328,49,0.2,0.1,0.3,0.2,Fair,0.05,0.15,830545.9,1.9884803,46399.883,26696,
329,68,0.2,0.1,0.3,0.2,Flat,0.05,0.15,1660916.2,328.8944,78850.03,49457,
330,36,0.2,0.1,0.3,0.2,Flat,0.05,0.15,554390.3,112.73688,27026.852,24546,
331,52,0.2,0.1,0.3,0.2,Fair,0.05,0.15,1139269.2,2.6054602,60127.887,36361,
332,56,0.2,0.1,0.3,0.2,Fair,0.05,0.15,799821.75,1.9954164,37459.254,34294,
333,46,0.2,0.1,0.3,0.2,Flat,0.05,0.15,1058730.0,184.10242,45375.1,33026,
334,47,0.2,0.1,0.3,0.2,Fair,0.05,0.15,936986.2,2.2188292,56770.008,34284,
335,50,0.2,0.1,0.3,0.2,Fair,0.05,0.15,1147854.5,2.068694,42979.703,29069,
336,49,0.2,0.1,0.3,0.2,Flat,0.05,0.15,1172026.1,294.17163,91130.234,30246,
337,54,0.2,0.1,0.3,0.2,Fair,0.05,0.15,1041776.94,1.9755087,51507.93,34860,
338,53,0.2,0.1,0.3,0.2,Flat,0.05,0.15,615448.5,61.047127,7426.8228,32757,
339,49,0.2,0.1,0.3,0.2,Fair,0.05,0.15,625031.1,37.8163,14433.438,27712,
340,61,0.2,0.1,0.3,0.2,Fair,0.05,0.15,1287940.5,2.5372353,51140.406,42186,
341,48,0.2,0.1,0.3,0.2,Flat,0.05,0.15,998896.75,221.81522,63408.203,31937,
342,48,0.2,0.1,0.3,0.2,Flat,0.05,0.15,878141.06,175.65717,54652.58,29178,
343,57,0.2,0.1,0.3,0.2,Fair,0.05,0.15,916699.0,20.488914,21520.738,33322,
344,64,0.2,0.1,0.3,0.2,Flat,0.05,0.15,1508214.8,300.27295,64849.566,53279,
345,50,0.2,0.1,0.3,0.2,Flat,0.05,0.15,892881.06,130.50195,21966.477,30725,
346,48,0.2,0.1,0.3,0.2,Flat,0.05,0.15,918235.4,195.66013,52271.69,30891,
347,51,0.2,0.1,0.3,0.2,Fair,0.05,0.15,977200.44,1.7900498,36335.48,34365,
348,55,0.2,0.1,0.3,0.2,Flat,0.05,0.15,1068248.1,254.69812,71200.62,38986,
349,52,0.2,0.1,0.3,0.2,Fair,0.05,0.15,1023327.1,40.97435,32410.809,37863,
350,55,0.2,0.1,0.3,0.2,Flat,0.05,0.15,956695.7,171.88,41471.14,37478,
351,60,0.2,0.1,0.3,0.2,Flat,0.05,0.15,1398197.0,351.5741,97347.06,47048,
352,52,0.2,0.1,0.3,0.2,Flat,0.05,0.15,1036981.7,237.73425,56365.617,35730,
353,56,0.2,0.1,0.3,0.2,Fair,0.05,0.15,1172090.5,2.3780975,55818.83,36878,
354,58,0.2,0.1,0.3,0.2,Fair,0.05,0.15,1179021.0,2.4524384,48596.047,35290,
355,53,0.2,0.1,0.3,0.2,Fair,0.05,0.15,975642.94,2.1246336,40293.797,33071,
356,36,0.2,0.1,0.3,0.2,Flat,0.05,0.15,631874.75,124.85663,31253.137,23548,
357,48,0.2,0.1,0.3,0.2,Fair,0.05,0.15,854706.4,1.7752409,36360.047,34796,
358,49,0.2,0.1,0.3,0.2,Flat,0.05,0.15,1124967.0,185.06696,41859.582,37385,
359,49,0.2,0.1,0.3,0.2,Flat,0.05,0.15,870190.4,175.01492,47376.977,34609,
360,49,0.2,0.1,0.3,0.2,Flat,0.05,0.15,674441.44,86.76158,12790.559,26200,
361,48,0.2,0.1,0.3,0.2,Flat,0.05,0.15,974495.06,260.70703,76868.2,31888,
362,40,0.2,0.1,0.3,0.2,Flat,0.05,0.15,1011887.3,246.89221,66858.64,37450,
363,42,0.2,0.1,0.3,0.2,Fair,0.05,0.15,815465.1,1.6168697,37832.16,28637,
364,39,0.2,0.1,0.3,0.2,Flat,0.05,0.15,677404.7,97.62012,21324.574,23419,
365,38,0.2,0.1,0.3,0.2,Flat,0.05,0.15,689788.06,172.93225,47826.883,27421,
366,45,0.2,0.1,0.3,0.2,Flat,0.05,0.15,885790.6,219.92947,64806.07,30235,
367,46,0.2,0.1,0.3,0.2,Fair,0.05,0.15,980517.3,1.8448553,37603.703,32256,
368,51,0.2,0.1,0.3,0.2,Flat,0.05,0.15,881549.2,192.49176,48768.523,29235,
369,41,0.2,0.1,0.3,0.2,Fair,0.05,0.15,689646.8,1.3640139,35175.22,25342,
370,54,0.2,0.1,0.3,0.2,Flat,0.05,0.15,1133942.2,266.37503,66606.98,43697,
371,48,0.2,0.1,0.3,0.2,Flat,0.05,0.15,1051072.0,221.97705,56530.57,38095,
372,47,0.2,0.1,0.3,0.2,Fair,0.05,0.15,973713.5,2.2905922,53630.625,32967,
373,57,0.2,0.1,0.3,0.2,Flat,0.05,0.15,1350155.8,286.1836,78449.71,43935,
374,46,0.2,0.1,0.3,0.2,Flat,0.05,0.15,869614.3,147.69757,38593.945,31549,
375,52,0.2,0.1,0.3,0.2,Fair,0.05,0.15,1185375.0,2.3446772,48924.03,39738,
376,52,0.2,0.1,0.3,0.2,Flat,0.05,0.15,1237328.4,316.57422,90473.71,41182,
377,53,0.2,0.1,0.3,0.2,Fair,0.05,0.15,930237.9,2.1731567,47683.117,33899,
378,53,0.2,0.1,0.3,0.2,Fair,0.05,0.15,1512909.6,4.1926193,101380.54,46284,
379,60,0.2,0.1,0.3,0.2,Flat,0.05,0.15,1267549.6,178.6211,33503.156,39321,
380,43,0.2,0.1,0.3,0.2,Flat,0.05,0.15,701012.94,110.65228,36137.25,26984,
381,54,0.2,0.1,0.3,0.2,Fair,0.05,0.15,1093369.6,63.798767,30581.893,43620,
382,61,0.2,0.1,0.3,0.2,Fair,0.05,0.15,1328918.0,2.9052126,55474.094,37136,
383,50,0.2,0.1,0.3,0.2,Fair,0.05,0.15,989661.8,2.0194283,41490.85,34861,
384,51,0.2,0.1,0.3,0.2,Flat,0.05,0.15,1222110.1,329.39697,97345.016,43290,
385,65,0.2,0.1,0.3,0.2,Fair,0.05,0.15,924122.25,25.264107,29707.209,36775,
386,46,0.2,0.1,0.3,0.2,Flat,0.05,0.15,1170654.5,296.68408,83335.09,37289,
387,53,0.2,0.1,0.3,0.2,Fair,0.05,0.15,800629.1,1.6563425,28001.707,29613,
388,44,0.2,0.1,0.3,0.2,Flat,0.05,0.15,957745.9,224.03467,68246.47,29828,
389,70,0.2,0.1,0.3,0.2,Flat,0.05,0.15,1438094.1,280.36584,63994.89,51870,
390,54,0.2,0.1,0.3,0.2,Fair,0.05,0.15,1073034.2,43.53961,20645.604,35803,
391,54,0.2,0.1,0.3,0.2,Flat,0.05,0.15,1108090.8,160.367,40734.82,36682,
392,40,0.2,0.1,0.3,0.2,Fair,0.05,0.15,829982.7,1.9194262,35564.43,30086,
393,50,0.2,0.1,0.3,0.2,Flat,0.05,0.15,1499722.2,448.80933,145345.61,37695,
394,58,0.2,0.1,0.3,0.2,Fair,0.05,0.15,1078519.4,37.706783,36012.996,40228,
395,48,0.2,0.1,0.3,0.2,Fair,0.05,0.15,937648.44,2.2773402,40790.87,34769,
396,41,0.2,0.1,0.3,0.2,Flat,0.05,0.15,550818.75,63.792816,9364.922,19937,
397,47,0.2,0.1,0.3,0.2,Flat,0.05,0.15,735044.2,149.44916,44331.598,27860,
398,52,0.2,0.1,0.3,0.2,Flat,0.05,0.15,790263.44,103.743225,13788.841,34425,
399,51,0.2,0.1,0.3,0.2,Fair,0.05,0.15,1084480.9,2.4311867,51148.934,32410,
400,43,0.2,0.1,0.3,0.2,Fair,0.05,0.15,805421.3,12.970543,23168.191,30379,
401,52,0.2,0.1,0.3,0.2,Fair,0.05,0.15,1154527.2,2.6587524,55161.4,37352,
402,52,0.2,0.1,0.3,0.2,Flat,0.05,0.15,877242.9,180.91528,50091.42,37598,
403,57,0.2,0.1,0.3,0.2,Fair,0.05,0.15,995591.0,1.9670336,37419.047,28523,
404,47,0.2,0.1,0.3,0.2,Flat,0.05,0.15,834636.3,164.51276,45629.57,27207,
405,41,0.2,0.1,0.3,0.2,Fair,0.05,0.15,687600.2,1.5212824,27923.479,21320,
406,68,0.2,0.1,0.3,0.2,Flat,0.05,0.15,1324863.9,241.02444,51220.605,52169,
407,43,0.2,0.1,0.3,0.2,Flat,0.05,0.15,1108612.4,253.92139,72915.78,36640,
408,47,0.2,0.1,0.3,0.2,Fair,0.05,0.15,815140.3,14.100044,24859.357,23894,
409,46,0.2,0.1,0.3,0.2,Flat,0.05,0.15,1031940.2,247.56055,67269.26,35785,
410,59,0.2,0.1,0.3,0.2,Fair,0.05,0.15,1331786.6,3.0760727,64894.652,49931,
411,55,0.2,0.1,0.3,0.2,Fair,0.05,0.15,1205793.1,2.4620132,55887.5,46596,
412,50,0.2,0.1,0.3,0.2,Fair,0.05,0.15,896866.3,2.1015813,49400.14,29856,
413,58,0.2,0.1,0.3,0.2,Fair,0.05,0.15,1029413.6,52.274734,22687.488,36202,
414,31,0.2,0.1,0.3,0.2,Fair,0.05,0.15,601964.75,1.2762187,26175.07,20720,
415,53,0.2,0.1,0.3,0.2,Flat,0.05,0.15,1159111.4,185.49194,39116.156,32920,
416,49,0.2,0.1,0.3,0.2,Flat,0.05,0.15,892101.2,121.87157,21201.66,37891,
417,56,0.2,0.1,0.3,0.2,Flat,0.05,0.15,1354231.2,329.95203,94935.81,41183,
418,53,0.2,0.1,0.3,0.2,Flat,0.05,0.15,1217384.1,345.5526,103689.96,39439,
419,45,0.2,0.1,0.3,0.2,Fair,0.05,0.15,879636.9,8.551071,34981.29,34793,
420,46,0.2,0.1,0.3,0.2,Flat,0.05,0.15,1239776.9,260.8695,72177.22,35220,
421,49,0.2,0.1,0.3,0.2,Flat,0.05,0.15,950423.9,201.94666,51204.38,41327,
422,58,0.2,0.1,0.3,0.2,Fair,0.05,0.15,1501276.2,3.5513196,78479.95,48385,
423,36,0.2,0.1,0.3,0.2,Fair,0.05,0.15,635351.1,1.3748128,39281.297,24154,
424,45,0.2,0.1,0.3,0.2,Fair,0.05,0.15,905603.06,1.9493589,40205.098,27835,
425,48,0.2,0.1,0.3,0.2,Fair,0.05,0.15,1136139.9,2.3479862,58679.33,33850,
426,56,0.2,0.1,0.3,0.2,Fair,0.05,0.15,1226062.5,2.7379303,51416.355,38699,
427,38,0.2,0.1,0.3,0.2,Fair,0.05,0.15,727640.6,3.0782466,28821.76,22980,
428,60,0.2,0.1,0.3,0.2,Fair,0.05,0.15,1094983.2,39.376724,34548.215,42745,
429,45,0.2,0.1,0.3,0.2,Fair,0.05,0.15,832038.5,1.8501558,42491.387,25250,
430,46,0.2,0.1,0.3,0.2,Flat,0.05,0.15,815853.8,164.98175,42903.49,27082,
431,52,0.2,0.1,0.3,0.2,Fair,0.05,0.15,1290665.6,2.6656656,63467.695,27890,
432,36,0.2,0.1,0.3,0.2,Fair,0.05,0.15,842237.44,1.8852682,47876.61,26838,
433,46,0.2,0.1,0.3,0.2,Fair,0.05,0.15,899499.3,10.601351,28979.355,32093,
434,43,0.2,0.1,0.3,0.2,Flat,0.05,0.15,908476.06,202.00021,58938.3,28341,
435,51,0.2,0.1,0.3,0.2,Fair,0.05,0.15,1189530.1,2.5356627,54226.68,43694,
436,48,0.2,0.1,0.3,0.2,Flat,0.05,0.15,803771.25,132.89929,33455.785,23965,
437,50,0.2,0.1,0.3,0.2,Flat,0.05,0.15,1463310.8,367.5658,109165.63,41790,
438,57,0.2,0.1,0.3,0.2,Flat,0.05,0.15,1078835.0,226.75009,59508.906,36996,
439,43,0.2,0.1,0.3,0.2,Flat,0.05,0.15,1114932.6,274.63464,85420.28,36335,
440,60,0.2,0.1,0.3,0.2,Fair,0.05,0.15,1119050.2,2.0213814,47276.406,38850,
441,63,0.2,0.1,0.3,0.2,Fair,0.05,0.15,821352.56,30.115746,20025.172,34061,
442,50,0.2,0.1,0.3,0.2,Fair,0.05,0.15,1100173.4,2.3513012,58202.332,33115,
443,50,0.2,0.1,0.3,0.2,Flat,0.05,0.15,976893.2,196.36075,56966.78,31742,
444,49,0.2,0.1,0.3,0.2,Fair,0.05,0.15,953905.94,40.850403,26968.041,34928,
445,45,0.2,0.1,0.3,0.2,Fair,0.05,0.15,1279933.9,2.7810884,69754.24,37410,
446,42,0.2,0.1,0.3,0.2,Flat,0.05,0.15,1073977.1,133.27039,23623.277,34935,
447,48,0.2,0.1,0.3,0.2,Flat,0.05,0.15,1104834.0,248.70068,60937.184,34326,
448,45,0.2,0.1,0.3,0.2,Fair,0.05,0.15,648786.56,1.2378688,32062.254,25874,
449,44,0.2,0.1,0.3,0.2,Fair,0.05,0.15,1068957.8,29.052246,43709.777,38320,
450,53,0.2,0.1,0.3,0.2,Fair,0.05,0.15,957294.3,1.8200834,41044.484,35112,
451,42,0.2,0.1,0.3,0.2,Fair,0.05,0.15,889057.44,2.1198874,55190.305,25142,
452,47,0.2,0.1,0.3,0.2,Flat,0.05,0.15,1006825.44,274.98096,82091.625,31488,
453,73,0.2,0.1,0.3,0.2,Fair,0.05,0.15,1557735.1,11.129554,58460.844,46635,
454,54,0.2,0.1,0.3,0.2,Flat,0.05,0.15,1051308.4,256.45114,70559.266,29829,
455,45,0.2,0.1,0.3,0.2,Flat,0.05,0.15,1012134.06,235.2716,65647.47,35483,
456,42,0.2,0.1,0.3,0.2,Flat,0.05,0.15,1039057.3,257.13025,81408.91,25454,
457,48,0.2,0.1,0.3,0.2,Fair,0.05,0.15,1165519.6,2.6155214,56630.336,38870,
458,43,0.2,0.1,0.3,0.2,Flat,0.05,0.15,727947.75,117.1297,27682.898,25509,
459,44,0.2,0.1,0.3,0.2,Fair,0.05,0.15,915430.5,1.740531,43767.305,31545,
460,52,0.2,0.1,0.3,0.2,Flat,0.05,0.15,1205486.9,184.54706,43400.844,37612,
461,63,0.2,0.1,0.3,0.2,Flat,0.05,0.15,1096679.0,223.82962,65329.008,36039,
462,46,0.2,0.1,0.3,0.2,Fair,0.05,0.15,954280.56,3.0774074,38440.7,33887,
463,49,0.2,0.1,0.3,0.2,Fair,0.05,0.15,735580.75,1.6022375,31801.715,29937,
464,57,0.2,0.1,0.3,0.2,Flat,0.05,0.15,1369853.6,304.35547,89995.73,37721,
465,47,0.2,0.1,0.3,0.2,Flat,0.05,0.15,824632.0,127.25348,32047.16,35652,
466,51,0.2,0.1,0.3,0.2,Fair,0.05,0.15,919434.4,46.20038,24959.016,38505,
467,36,0.2,0.1,0.3,0.2,Fair,0.05,0.15,803848.25,1.838851,41063.547,21417,
468,48,0.2,0.1,0.3,0.2,Flat,0.05,0.15,1474235.2,399.34314,137787.16,41144,
469,46,0.2,0.1,0.3,0.2,Fair,0.05,0.15,803848.25,37.253113,23340.027,38818,
470,46,0.2,0.1,0.3,0.2,Fair,0.05,0.15,1108659.2,2.0637398,41444.85,35995,
471,40,0.2,0.1,0.3,0.2,Fair,0.05,0.15,839777.44,35.45613,26589.246,29364,
472,47,0.2,0.1,0.3,0.2,Flat,0.05,0.15,648583.75,110.698135,35583.973,27305,
473,44,0.2,0.1,0.3,0.2,Fair,0.05,0.15,648349.44,1.3392692,31203.785,33608,
474,51,0.2,0.1,0.3,0.2,Fair,0.05,0.15,1169971.9,1.6667936,35757.426,35212,
475,43,0.2,0.1,0.3,0.2,Flat,0.05,0.15,942132.1,136.49103,33242.336,26525,
476,47,0.2,0.1,0.3,0.2,Fair,0.05,0.15,861038.44,58.87094,21045.81,34496,
477,61,0.2,0.1,0.3,0.2,Fair,0.05,0.15,1105567.2,2.0979037,39056.18,45093,
478,48,0.2,0.1,0.3,0.2,Flat,0.05,0.15,1247382.5,270.4182,79226.35,37671,
479,43,0.2,0.1,0.3,0.2,Flat,0.05,0.15,1238807.0,361.44238,123715.234,34870,
480,55,0.2,0.1,0.3,0.2,Fair,0.05,0.15,1203389.2,2.9669123,60178.754,41642,
481,47,0.2,0.1,0.3,0.2,Flat,0.05,0.15,964979.7,152.98145,29847.125,35066,
482,65,0.2,0.1,0.3,0.2,Flat,0.05,0.15,1180986.2,263.08984,62955.36,49639,
483,54,0.2,0.1,0.3,0.2,Fair,0.05,0.15,737841.56,1.2597852,35672.9,30145,
484,62,0.2,0.1,0.3,0.2,Fair,0.05,0.15,1212089.5,2.4379117,57636.9,40667,
485,56,0.2,0.1,0.3,0.2,Fair,0.05,0.15,1270751.5,47.86151,52415.547,45939,
486,31,0.2,0.1,0.3,0.2,Fair,0.05,0.15,662932.94,1.5167856,38995.344,20734,
487,53,0.2,0.1,0.3,0.2,Flat,0.05,0.15,1062830.2,238.37,65078.168,30537,
488,50,0.2,0.1,0.3,0.2,Flat,0.05,0.15,605912.94,100.19867,16314.303,26718,
489,44,0.2,0.1,0.3,0.2,Flat,0.05,0.15,898261.9,176.49509,43932.93,26298,
490,53,0.2,0.1,0.3,0.2,Fair,0.05,0.15,1272716.5,2.3425665,53204.227,42625,
491,59,0.2,0.1,0.3,0.2,Flat,0.05,0.15,998427.6,197.51758,49591.75,39495,
492,54,0.2,0.1,0.3,0.2,Fair,0.05,0.15,1052176.8,2.051693,45379.477,45035,
493,51,0.2,0.1,0.3,0.2,Fair,0.05,0.15,738148.7,62.825676,11217.604,30116,
494,47,0.2,0.1,0.3,0.2,Flat,0.05,0.15,1039883.3,230.807,63597.73,32824,
495,57,0.2,0.1,0.3,0.2,Fair,0.05,0.15,1075767.0,2.4013367,54382.02,33307,
496,47,0.2,0.1,0.3,0.2,Flat,0.05,0.15,909218.4,164.29572,43790.33,26490,
497,49,0.2,0.1,0.3,0.2,Flat,0.05,0.15,684005.06,102.499695,29197.893,22047,
498,54,0.2,0.1,0.3,0.2,Flat,0.05,0.15,1177773.5,219.53088,48894.25,42105,
499,55,0.2,0.1,0.3,0.2,Flat,0.05,0.15,1426141.2,330.07727,87817.65,49830,
