Id,State,AgentInitMoney,AgentMoney,Talent,IsProducer,Purchases
0,0,1000.0,586.2457,0.81571907,true,4573
1,0,1000.0,417.08707,0.62224185,false,1041
2,0,1000.0,416.81924,0.49425322,true,1596
3,0,1000.0,416.76495,0.963683,false,1048
4,0,1000.0,417.54935,0.9554188,false,1067
5,0,1000.0,417.59393,0.55629873,false,1074
6,0,1000.0,416.8934,0.85250056,false,1016
7,0,1000.0,417.23273,0.11080146,false,999
8,0,1000.0,422.9561,0.6746737,true,2263
9,0,1000.0,425.9441,0.9670301,true,2737
10,0,1000.0,416.84268,0.3526737,false,1002
11,0,1000.0,420.56198,0.12080151,true,1426
12,0,1000.0,427.95615,0.9475595,true,3257
13,0,1000.0,416.94434,0.22754616,true,3867
14,0,1000.0,416.6901,0.09886831,true,1098
15,0,1000.0,433.64655,0.69701725,true,3962
16,0,1000.0,2409.8071,0.66725355,true,4872
17,0,1000.0,2667.6958,0.642775,true,5012
18,0,1000.0,417.11328,0.7967315,false,1074
19,0,1000.0,2907.714,0.630813,true,4819
20,0,1000.0,416.82516,0.44295627,true,2947
21,0,1000.0,437.51047,0.88360673,true,3301
22,0,1000.0,417.06183,0.26647788,true,1580
23,0,1000.0,542.6747,0.8390293,true,4490
24,0,1000.0,418.42847,0.67372936,false,1080
25,0,1000.0,420.98154,0.7379929,true,2152
26,0,1000.0,1920.0228,0.70352674,true,4884
27,0,1000.0,417.30664,0.22033787,true,1060
28,0,1000.0,4430.396,0.40315682,true,4849
29,0,1000.0,425.49478,0.745408,true,2112
30,0,1000.0,416.95938,0.3156634,false,999
31,0,1000.0,417.3105,0.021910727,true,1075
32,0,1000.0,422.5156,0.70873505,true,3902
33,0,1000.0,504.71127,0.5310789,true,3790
34,0,1000.0,416.77664,0.21563423,true,1090
35,0,1000.0,418.55804,0.6578116,false,1006
36,0,1000.0,7940.0454,0.629898,true,4850
37,0,1000.0,416.65848,0.9063886,true,2712
38,0,1000.0,4179.1685,0.69807893,true,4908
39,0,1000.0,416.7969,0.17051387,false,1024
40,0,1000.0,458.6433,0.88858384,true,3680
41,0,1000.0,416.77637,0.05186069,true,1051
42,0,1000.0,416.98276,0.27970797,true,1306
43,0,1000.0,790.37897,0.7769527,true,4575
44,0,1000.0,417.22775,0.90624964,false,1029
45,0,1000.0,416.81503,0.3491304,true,1140
46,0,1000.0,417.37402,0.13163114,false,1020
47,0,1000.0,417.03302,0.19051683,true,1124
48,0,1000.0,417.23447,0.8712398,false,1037
49,0,1000.0,4013.4753,0.6783089,true,4818
50,0,1000.0,416.8495,0.7827423,false,1007
51,0,1000.0,520.77844,0.6603869,true,4470
52,0,1000.0,417.07233,0.8604147,false,1048
53,0,1000.0,417.49286,0.2471469,true,1050
54,0,1000.0,416.89838,0.22306871,false,1037
55,0,1000.0,417.0695,0.9196259,false,1018
56,0,1000.0,417.66534,0.2689461,true,1098
57,0,1000.0,416.96674,0.26840353,true,1120
58,0,1000.0,420.1791,0.785989,true,1865
59,0,1000.0,416.92834,0.48342806,false,986
60,0,1000.0,417.135,0.052185357,true,1068
61,0,1000.0,416.8458,0.05182767,true,1519
62,0,1000.0,416.6902,0.43822753,false,1019
63,0,1000.0,420.9138,0.9889338,true,1795
64,0,1000.0,417.36273,0.53350985,false,1023
65,0,1000.0,417.37326,0.32715648,false,1034
66,0,1000.0,417.2813,0.3565309,true,1238
67,0,1000.0,417.55862,0.51801443,true,1342
68,0,1000.0,417.08154,0.7820559,false,1055
69,0,1000.0,480.17242,0.8645392,true,4158
70,0,1000.0,416.75656,0.91993237,false,1028
71,0,1000.0,416.69357,0.094435155,false,1026
72,0,1000.0,514.1236,0.8142421,true,3985
73,0,1000.0,416.78635,0.70879066,false,1054
74,0,1000.0,7597.7,0.49651158,true,4810
75,0,1000.0,549.40436,0.7968018,true,4630
76,0,1000.0,416.77536,0.122991204,true,1148
77,0,1000.0,417.27417,0.5938822,false,1047
78,0,1000.0,417.36298,0.65355456,true,2753
79,0,1000.0,416.66232,0.17869711,true,1326
80,0,1000.0,416.65,0.28855532,true,1149
81,0,1000.0,419.89706,0.3540752,true,4015
82,0,1000.0,776.9735,0.6700213,true,4845
83,0,1000.0,422.70346,0.93741316,true,2978
84,0,1000.0,416.81793,0.67485195,false,974
85,0,1000.0,7190.4473,0.39810455,true,4804
86,0,1000.0,9988.984,0.48022634,true,4800
87,0,1000.0,416.8202,0.022686958,false,1042
88,0,1000.0,429.89294,0.46521622,true,3302
89,0,1000.0,7009.3057,0.56281686,true,4890
90,0,1000.0,416.78772,0.4276393,false,1030
91,0,1000.0,418.0834,0.6268437,true,1190
92,0,1000.0,417.02283,0.54147583,false,1047
93,0,1000.0,420.0392,0.9126712,true,1522
94,0,1000.0,416.7081,0.4577111,true,1155
95,0,1000.0,416.69415,0.7477558,false,1090
96,0,1000.0,422.18732,0.9602554,true,2877
97,0,1000.0,418.29446,0.30150765,true,1179
98,0,1000.0,445.08154,0.6286323,true,3684
99,0,1000.0,416.87436,0.2660228,false,1061
100,0,1000.0,416.63867,0.030415237,false,1076
101,0,1000.0,416.90524,0.76298994,false,1073
102,0,1000.0,416.90274,0.06893009,false,1071
103,0,1000.0,1921.3411,0.72777843,true,4871
104,0,1000.0,416.6617,0.24553287,false,1033
105,0,1000.0,417.60257,0.046129048,true,1043
106,0,1000.0,504.6129,0.76080924,true,4431
107,0,1000.0,417.4388,0.27453208,false,1024
108,0,1000.0,417.16586,0.5753309,false,1065
109,0,1000.0,467.3361,0.8622933,true,3961
110,0,1000.0,608.1876,0.778145,true,4581
111,0,1000.0,417.49484,0.41144943,true,2055
112,0,1000.0,438.8782,0.8699602,true,4076
113,0,1000.0,416.75446,0.66011184,false,1046
114,0,1000.0,419.29517,0.8580321,true,2568
115,0,1000.0,417.04285,0.5554797,true,2072
116,0,1000.0,416.80356,0.38104206,false,1032
117,0,1000.0,417.89377,0.9946771,true,1474
118,0,1000.0,417.21967,0.43479764,false,1108
119,0,1000.0,423.26678,0.5547355,true,2196
120,0,1000.0,417.1317,0.65337825,false,1073
121,0,1000.0,417.1992,0.80745304,false,1067
122,0,1000.0,7870.407,0.5153834,true,4904
123,0,1000.0,416.80576,0.6205307,false,1084
124,0,1000.0,417.8464,0.2912326,false,1063
125,0,1000.0,416.99185,0.18329495,false,1028
126,0,1000.0,417.42188,0.025004506,false,1040
127,0,1000.0,416.92206,0.3634842,true,1137
128,0,1000.0,417.72015,0.3530922,false,1057
129,0,1000.0,417.19824,0.40098798,false,1045
130,0,1000.0,417.00943,0.5019895,false,1056
131,0,1000.0,436.69626,0.8750939,true,3358
132,0,1000.0,417.62863,0.3788138,true,1164
133,0,1000.0,426.40277,0.343709,true,2684
134,0,1000.0,14491.911,0.27070916,true,4851
135,0,1000.0,416.8996,0.04618889,true,1132
136,0,1000.0,417.07263,0.30306172,true,1198
137,0,1000.0,416.89896,0.5858199,true,2615
138,0,1000.0,419.51743,0.47150028,true,1316
139,0,1000.0,426.5172,0.5636649,true,2197
140,0,1000.0,420.46353,0.7589431,true,1983
141,0,1000.0,2463.898,0.72239715,true,4840
142,0,1000.0,416.79855,0.5764896,false,1050
143,0,1000.0,417.58783,0.27690983,false,1067
144,0,1000.0,421.0808,0.525748,true,4819
145,0,1000.0,416.77222,0.7579047,false,1020
146,0,1000.0,416.91577,0.27022547,true,1124
147,0,1000.0,416.841,0.8753254,false,1104
148,0,1000.0,417.59055,0.12469894,true,1088
149,0,1000.0,706.26904,0.6204162,true,4881
150,0,1000.0,417.0764,0.8240226,false,1074
151,0,1000.0,416.8089,0.06835139,true,1075
152,0,1000.0,447.35132,0.81661725,true,3109
153,0,1000.0,417.34454,0.117792666,true,1135
154,0,1000.0,417.2377,0.3429265,false,1052
155,0,1000.0,614.51636,0.7093985,true,4780
156,0,1000.0,418.14844,0.50541234,false,1053
157,0,1000.0,419.1517,0.9022218,true,1864
158,0,1000.0,416.66367,0.51420385,false,1016
159,0,1000.0,6696.9243,0.55509603,true,4884
160,0,1000.0,416.97537,0.3012997,true,1128
161,0,1000.0,3381.578,0.25952595,true,4830
162,0,1000.0,2757.6116,0.7362651,true,4876
163,0,1000.0,427.54865,0.60126084,true,3528
164,0,1000.0,510.4868,0.74765426,true,4227
165,0,1000.0,1363.6357,0.78964376,true,4859
166,0,1000.0,423.33963,0.756925,true,2016
167,0,1000.0,417.73477,0.18699384,true,1111
168,0,1000.0,417.17673,0.96540534,false,1033
169,0,1000.0,417.04428,0.2946927,true,1079
170,0,1000.0,416.67447,0.1999082,false,1038
171,0,1000.0,416.75684,0.30831015,true,1080
172,0,1000.0,417.08612,0.2188794,true,1475
173,0,1000.0,417.1991,0.44101852,true,3487
174,0,1000.0,509.7544,0.60850585,true,4686
175,0,1000.0,434.14587,0.832709,true,3520
176,0,1000.0,435.33047,0.6569963,true,2918
177,0,1000.0,416.65796,0.01163727,false,1031
178,0,1000.0,439.20483,0.8852887,true,2438
179,0,1000.0,417.6557,0.55609,true,3367
180,0,1000.0,417.8136,0.2337265,false,1087
181,0,1000.0,436.88235,0.8154774,true,3694
182,0,1000.0,416.97488,0.2567842,true,1057
183,0,1000.0,417.35193,0.29342192,true,4434
184,0,1000.0,416.8179,0.06171429,true,1089
185,0,1000.0,417.262,0.56982654,false,983
186,0,1000.0,416.9122,0.14202291,true,1078
187,0,1000.0,416.93936,0.44456995,true,1106
188,0,1000.0,416.75974,0.7029742,false,1037
189,0,1000.0,418.37076,0.32239103,true,1213
190,0,1000.0,416.84848,0.5538607,false,1014
191,0,1000.0,416.85938,0.726688,false,1052
192,0,1000.0,417.5415,0.15056574,true,1063
193,0,1000.0,416.6431,0.22937268,true,1398
194,0,1000.0,429.56265,0.9119837,true,3008
195,0,1000.0,417.91086,0.014582455,true,1071
196,0,1000.0,417.2468,0.5051541,false,1048
197,0,1000.0,483.74997,0.7559704,true,4146
198,0,1000.0,3998.737,0.3965007,true,4951
199,0,1000.0,424.66083,0.48045272,true,3313
200,0,1000.0,7536.0703,0.6003619,true,4903
201,0,1000.0,416.92502,0.61571217,false,1035
202,0,1000.0,416.73758,0.22103077,true,1061
203,0,1000.0,424.27325,0.47441602,true,1931
204,0,1000.0,417.09433,0.08081895,true,2111
205,0,1000.0,416.90833,0.015023768,true,1053
206,0,1000.0,418.88486,0.45419186,true,2006
207,0,1000.0,517.0671,0.83722216,true,4194
208,0,1000.0,1077.8674,0.68681604,true,4855
209,0,1000.0,416.69644,0.01944089,true,1046
210,0,1000.0,13277.11,0.26839608,true,4879
211,0,1000.0,417.0015,0.5865641,false,994
212,0,1000.0,416.63184,0.74946845,false,981
213,0,1000.0,416.94128,0.10787004,true,1116
214,0,1000.0,612.73083,0.7448586,true,4541
215,0,1000.0,418.20422,0.16839123,true,1172
216,0,1000.0,416.72525,0.15029675,true,1077
217,0,1000.0,416.7489,0.23130572,false,1036
218,0,1000.0,419.13748,0.6137264,true,2131
219,0,1000.0,417.2497,0.71463114,true,2976
220,0,1000.0,416.65076,0.24912983,false,980
221,0,1000.0,430.24695,0.9424085,true,2546
222,0,1000.0,417.05328,0.5582323,false,1008
223,0,1000.0,417.49442,0.9987266,true,1056
224,0,1000.0,417.59012,0.5342371,true,1219
225,0,1000.0,416.78452,0.4123521,true,1575
226,0,1000.0,434.9403,0.9617818,true,2759
227,0,1000.0,416.84637,0.03039372,true,1083
228,0,1000.0,419.28085,0.99859583,true,1288
229,0,1000.0,5511.2085,0.40134424,true,4810
230,0,1000.0,416.6469,0.22687775,true,1053
231,0,1000.0,416.81317,0.48100704,false,1085
232,0,1000.0,416.6917,0.49620032,false,1102
233,0,1000.0,417.29337,0.49922812,false,1050
234,0,1000.0,416.7834,0.04479021,true,1134
235,0,1000.0,416.93262,0.38101912,true,1187
236,0,1000.0,1120.2869,0.58231837,true,4562
237,0,1000.0,416.85498,0.20257074,true,1144
238,0,1000.0,416.7169,0.24487638,true,1271
239,0,1000.0,1549.5209,0.78081936,true,4750
240,0,1000.0,8944.562,0.591602,true,4840
241,0,1000.0,2891.6104,0.64464456,true,4747
242,0,1000.0,1174.0614,0.102458596,true,4739
243,0,1000.0,417.31488,0.31643933,true,3186
244,0,1000.0,424.86786,0.95795864,true,2697
245,0,1000.0,416.6728,0.044707894,true,1100
246,0,1000.0,434.2013,0.23416495,true,2695
247,0,1000.0,416.86026,0.87151074,false,1084
248,0,1000.0,417.1002,0.030088067,false,1081
249,0,1000.0,416.80048,0.1929915,true,1150
250,0,1000.0,416.78564,0.45964003,false,1092
251,0,1000.0,416.64435,0.7768816,false,1029
252,0,1000.0,459.3771,0.8865932,true,3245
253,0,1000.0,417.37875,0.53779656,false,1064
254,0,1000.0,416.96042,0.25853127,true,1142
255,0,1000.0,416.6941,0.23929769,true,1098
256,0,1000.0,469.16193,0.9045691,true,3620
257,0,1000.0,425.67227,0.6911109,true,2080
258,0,1000.0,3873.3074,0.7016574,true,4795
259,0,1000.0,417.03546,0.9405552,false,1122
260,0,1000.0,417.03003,0.08557701,true,1119
261,0,1000.0,416.8794,0.41914958,true,1114
262,0,1000.0,417.51608,0.9852656,false,1060
263,0,1000.0,417.46664,0.99853057,true,1166
264,0,1000.0,417.1515,0.39291114,true,1115
265,0,1000.0,416.83484,0.4342258,false,1079
266,0,1000.0,427.51782,0.9472829,true,2788
267,0,1000.0,427.65466,0.7314944,true,2125
268,0,1000.0,424.17917,0.60406166,true,2364
269,0,1000.0,416.79553,0.55435884,false,1121
270,0,1000.0,416.77713,0.19446862,false,1078
271,0,1000.0,423.87802,0.917115,true,2293
272,0,1000.0,419.19003,0.43228275,true,3320
273,0,1000.0,417.13812,0.047025084,true,1123
274,0,1000.0,424.26874,0.71937406,true,2158
275,0,1000.0,416.99542,0.48755795,false,1093
276,0,1000.0,418.06628,0.92117065,false,1141
277,0,1000.0,417.99106,0.22345829,true,1134
278,0,1000.0,417.8676,0.13601542,true,1213
279,0,1000.0,432.37073,0.852089,true,3021
280,0,1000.0,417.1601,0.36615795,false,1080
281,0,1000.0,6016.0537,0.5999054,true,4889
282,0,1000.0,417.63156,0.9131662,true,1545
283,0,1000.0,417.07523,0.2885843,true,1104
284,0,1000.0,416.90137,0.26683092,true,1136
285,0,1000.0,417.89758,0.19224405,true,1195
286,0,1000.0,417.04688,0.23417598,false,1093
287,0,1000.0,417.84738,0.09535688,false,1074
288,0,1000.0,416.97842,0.06397575,true,1185
289,0,1000.0,441.49072,0.7603685,true,3499
290,0,1000.0,416.6781,0.3622207,true,1062
291,0,1000.0,417.0814,0.44470352,false,1106
292,0,1000.0,417.02057,0.6652601,true,3100
293,0,1000.0,417.30893,0.068749726,true,1101
294,0,1000.0,1201.6638,0.63989174,true,4744
295,0,1000.0,418.24487,0.12957913,true,1239
296,0,1000.0,416.65536,0.013455808,false,1074
297,0,1000.0,420.19147,0.47957563,true,2112
298,0,1000.0,8713.244,0.50202966,true,4935
299,0,1000.0,627.82355,0.6448053,true,4661
300,0,1000.0,417.4598,0.20111024,true,1082
301,0,1000.0,418.061,0.44487882,false,1041
302,0,1000.0,417.80893,0.13070846,true,1072
303,0,1000.0,418.02594,0.2942183,true,1316
304,0,1000.0,436.54605,0.88557035,true,3270
305,0,1000.0,1888.6088,0.7140571,true,4809
306,0,1000.0,417.0613,0.63127726,true,3363
307,0,1000.0,416.84915,0.2651633,true,1270
308,0,1000.0,416.8418,0.008268237,false,1039
309,0,1000.0,417.64474,0.32319295,true,1209
310,0,1000.0,502.44604,0.8583653,true,3994
311,0,1000.0,427.60306,0.86174154,true,3036
312,0,1000.0,416.69327,0.072172344,true,2434
313,0,1000.0,417.13623,0.6825793,false,1161
314,0,1000.0,416.9313,0.2707566,true,1171
315,0,1000.0,417.17957,0.33821553,true,1147
316,0,1000.0,590.8515,0.48131186,true,4570
317,0,1000.0,417.19055,0.32885635,true,1215
318,0,1000.0,417.20486,0.4440403,false,1046
319,0,1000.0,417.46234,0.023979485,false,1041
320,0,1000.0,420.0099,0.69627994,true,4536
321,0,1000.0,416.8191,0.15816718,true,1038
322,0,1000.0,417.154,0.11994338,true,1180
323,0,1000.0,417.21423,0.68150115,true,2098
324,0,1000.0,416.88425,0.20962226,false,1002
325,0,1000.0,417.0152,0.20673698,true,1102
326,0,1000.0,419.50223,0.9212517,true,2134
327,0,1000.0,417.27383,0.28864068,true,3142
328,0,1000.0,416.79565,0.59501714,false,1033
329,0,1000.0,416.72406,0.29528326,false,1037
330,0,1000.0,417.23032,0.111225605,true,2385
331,0,1000.0,417.39218,0.6867535,true,3594
332,0,1000.0,416.78433,0.13415301,false,1084
333,0,1000.0,416.85287,0.10366315,false,1023
334,0,1000.0,416.63782,0.026416302,true,1073
335,0,1000.0,417.1671,0.7859831,false,976
336,0,1000.0,419.67102,0.7752107,true,1975
337,0,1000.0,423.5543,0.49216282,true,2538
338,0,1000.0,416.8668,0.06178963,true,1126
339,0,1000.0,416.82162,0.26914954,true,1191
340,0,1000.0,417.1639,0.4268549,true,1073
341,0,1000.0,417.83215,0.13583732,false,1023
342,0,1000.0,416.76956,0.337063,true,1121
343,0,1000.0,417.61075,0.9856413,true,1376
344,0,1000.0,416.86182,0.8416433,false,1025
345,0,1000.0,417.7098,0.78830516,true,1569
346,0,1000.0,417.65656,0.42316216,false,1078
347,0,1000.0,427.79092,0.47671497,true,2485
348,0,1000.0,9999.379,0.59275734,true,4809
349,0,1000.0,417.3278,0.74140537,false,1075
350,0,1000.0,450.3775,0.7577036,true,4163
351,0,1000.0,416.83237,0.3236103,false,1040
352,0,1000.0,416.89285,0.897963,false,1087
353,0,1000.0,416.77853,0.29712176,true,1034
354,0,1000.0,417.09592,0.62840915,false,1023
355,0,1000.0,416.7458,0.25988638,true,1201
356,0,1000.0,1281.0397,0.294706,true,2925
357,0,1000.0,416.96042,0.3181826,true,1071
358,0,1000.0,449.90332,0.8533592,true,3738
359,0,1000.0,416.6733,0.23938525,false,1053
360,0,1000.0,416.63522,0.420249,true,1060
361,0,1000.0,416.7154,0.17373973,false,1066
362,0,1000.0,417.42465,0.53699017,true,1436
363,0,1000.0,424.6933,0.90122914,true,2232
364,0,1000.0,430.885,0.40075642,true,2501
365,0,1000.0,417.01877,0.64653563,true,4395
366,0,1000.0,417.30807,0.5307431,true,1177
367,0,1000.0,416.92282,0.123257756,true,1250
368,0,1000.0,3136.4656,0.6032333,true,4680
369,0,1000.0,458.51617,0.61796236,true,3008
370,0,1000.0,417.68378,0.4772694,true,1087
371,0,1000.0,417.5209,0.60531163,false,1020
372,0,1000.0,419.77765,0.7542242,true,3380
373,0,1000.0,434.25122,0.597421,true,4177
374,0,1000.0,3692.832,0.5670999,true,4823
375,0,1000.0,1405.4443,0.67376804,true,4783
376,0,1000.0,425.33865,0.679179,true,1769
377,0,1000.0,12863.429,0.41238546,true,4840
378,0,1000.0,416.83163,0.3866833,true,1280
379,0,1000.0,435.6223,0.74873567,true,3117
380,0,1000.0,417.00092,0.16639125,true,1038
381,0,1000.0,1836.9988,0.6255794,true,4815
382,0,1000.0,428.4607,0.48670095,true,3420
383,0,1000.0,416.691,0.16531384,true,1129
384,0,1000.0,417.69635,0.70941514,false,1008
385,0,1000.0,443.71234,0.49567002,true,3337
386,0,1000.0,416.71115,0.5495635,true,1107
387,0,1000.0,417.5595,0.2903235,true,1098
388,0,1000.0,416.87207,0.13186842,false,1030
389,0,1000.0,417.97037,0.54788685,false,1019
390,0,1000.0,421.4803,0.28499585,true,3962
391,0,1000.0,417.57123,0.12591517,true,953
392,0,1000.0,417.01004,0.34852648,true,1023
393,0,1000.0,416.84116,0.07097119,true,1000
394,0,1000.0,2326.675,0.432617,true,4821
395,0,1000.0,444.0983,0.8414607,true,3977
396,0,1000.0,416.6444,0.7666141,true,2977
397,0,1000.0,416.72922,0.10686165,true,1029
398,0,1000.0,421.31876,0.5004204,true,2383
399,0,1000.0,416.70328,0.9251354,false,966
400,0,1000.0,417.61823,0.081201315,true,1023
401,0,1000.0,432.48608,0.7495236,true,3969
402,0,1000.0,417.47205,0.11806184,true,988
403,0,1000.0,416.75006,0.8965955,false,955
404,0,1000.0,417.1291,0.4686095,true,1159
405,0,1000.0,554.3309,0.8193275,true,4590
406,0,1000.0,416.68396,0.13386053,true,2253
407,0,1000.0,445.99915,0.77215886,true,4471
408,0,1000.0,416.8704,0.43173409,false,997
409,0,1000.0,417.28564,0.22938263,false,963
410,0,1000.0,435.15347,0.8344196,true,3530
411,0,1000.0,536.26953,0.72389406,true,4637
412,0,1000.0,430.50073,0.8011898,true,2738
413,0,1000.0,416.6453,0.6102333,true,2621
414,0,1000.0,417.14612,0.9157729,false,984
415,0,1000.0,3516.1138,0.6240242,true,4749
416,0,1000.0,1102.2809,0.6461851,true,4807
417,0,1000.0,416.7166,0.009322345,true,972
418,0,1000.0,417.1563,0.08496368,true,1002
419,0,1000.0,417.47638,0.41605258,false,1004
420,0,1000.0,417.01328,0.09903175,true,1019
421,0,1000.0,423.0652,0.7316292,true,1870
422,0,1000.0,416.8387,0.4209615,false,955
423,0,1000.0,416.83444,0.5040147,false,954
424,0,1000.0,416.85764,0.34719598,false,977
425,0,1000.0,417.33542,0.637889,true,1214
426,0,1000.0,433.18002,0.8738242,true,3329
427,0,1000.0,727.7959,0.60126513,true,4606
428,0,1000.0,417.4392,0.2967974,true,988
429,0,1000.0,417.2691,0.46679807,false,958
430,0,1000.0,419.56937,0.53101027,true,2125
431,0,1000.0,430.7899,0.7302037,true,1955
432,0,1000.0,417.36194,0.6614618,true,2768
433,0,1000.0,418.4919,0.99761206,true,1276
434,0,1000.0,416.871,0.5297488,false,1032
435,0,1000.0,416.75537,0.31434792,true,2496
436,0,1000.0,416.77634,0.4804343,true,1096
437,0,1000.0,417.3825,0.11954439,true,1110
438,0,1000.0,428.63156,0.74437237,true,1967
439,0,1000.0,871.6951,0.5541579,true,4724
440,0,1000.0,416.67053,0.3198591,true,3244
441,0,1000.0,417.16287,0.12436962,false,982
442,0,1000.0,417.28262,0.62752,true,1130
443,0,1000.0,423.94662,0.52801996,true,2051
444,0,1000.0,3949.4387,0.6611317,true,4777
445,0,1000.0,436.29166,0.78863853,true,2761
446,0,1000.0,439.28702,0.8341156,true,3595
447,0,1000.0,476.53085,0.70979524,true,4285
448,0,1000.0,416.79907,0.23023045,true,1055
449,0,1000.0,417.49298,0.06191194,true,1041
450,0,1000.0,417.03687,0.5070288,true,1090
451,0,1000.0,417.31442,0.84433955,true,2609
452,0,1000.0,3971.4114,0.27193308,true,4831
453,0,1000.0,416.7924,0.4274178,true,1096
454,0,1000.0,416.89105,0.35332394,true,1078
455,0,1000.0,422.2226,0.37240028,true,2965
456,0,1000.0,416.75357,0.022824943,true,1006
457,0,1000.0,416.907,0.25154006,true,1735
458,0,1000.0,420.11237,0.8900041,true,1531
459,0,1000.0,461.77686,0.84629756,true,4049
460,0,1000.0,430.38922,0.8870049,true,2856
461,0,1000.0,417.19397,0.68854326,true,3265
462,0,1000.0,423.815,0.48815542,true,2116
463,0,1000.0,417.41647,0.027794957,false,1028
464,0,1000.0,417.70938,0.06839526,false,983
465,0,1000.0,417.31665,0.956941,true,2489
466,0,1000.0,416.8085,0.094398975,true,1678
467,0,1000.0,417.05035,0.6095666,false,997
468,0,1000.0,3685.6853,0.6635619,true,4925
469,0,1000.0,417.17767,0.053913295,true,1073
470,0,1000.0,417.73087,0.75855607,true,4603
471,0,1000.0,827.0327,0.7516664,true,4817
472,0,1000.0,417.55084,0.46895093,true,2423
473,0,1000.0,418.1884,0.22417939,true,1023
474,0,1000.0,15258.248,0.3464328,true,4871
475,0,1000.0,434.00726,0.8744066,true,3501
476,0,1000.0,416.71747,0.00644809,false,1015
477,0,1000.0,446.12054,0.749733,true,4056
478,0,1000.0,417.15414,0.06663072,false,1017
479,0,1000.0,416.84348,0.39905024,false,960
480,0,1000.0,4262.946,0.5211674,true,4896
481,0,1000.0,418.28363,0.8768448,true,3322
482,0,1000.0,419.00882,0.69028974,true,1190
483,0,1000.0,417.1586,0.37772626,false,1038
484,0,1000.0,425.05133,0.9553745,true,2283
485,0,1000.0,418.49173,0.9467401,true,1310
486,0,1000.0,419.5741,0.5926691,true,4697
487,0,1000.0,417.294,0.20397055,true,1085
488,0,1000.0,416.91058,0.15245205,false,1046
489,0,1000.0,417.6921,0.04635614,true,1154
490,0,1000.0,417.07782,0.9954734,true,1464
491,0,1000.0,424.53836,0.8453017,true,3367
492,0,1000.0,447.9802,0.7948128,true,4043
493,0,1000.0,554.8795,0.74558717,true,4251
494,0,1000.0,416.9481,0.03882903,false,1112
495,0,1000.0,416.9156,0.2892362,true,3307
496,0,1000.0,445.62903,0.8296661,true,3629
497,0,1000.0,417.18503,0.7374217,false,1086
498,0,1000.0,416.88834,0.56181806,true,1148
499,0,1000.0,417.12213,0.14415008,true,1757
500,0,1000.0,417.0596,0.3865456,false,1080
501,0,1000.0,417.2278,0.4473797,false,1044
502,0,1000.0,424.8558,0.7204754,true,3232
503,0,1000.0,420.73108,0.5863929,true,3778
504,0,1000.0,416.89487,0.44050252,true,2836
505,0,1000.0,419.65887,0.9286553,true,1478
506,0,1000.0,416.90918,0.8221556,false,1085
507,0,1000.0,416.78317,0.09506047,true,1239
508,0,1000.0,2893.2654,0.7248725,true,4832
509,0,1000.0,2507.177,0.6093709,true,4909
510,0,1000.0,417.53723,0.005175531,false,1081
511,0,1000.0,2713.841,0.6658323,true,4906
512,0,1000.0,416.75992,0.6475208,true,4155
513,0,1000.0,417.10156,0.70834965,false,1036
514,0,1000.0,7249.4893,0.6426392,true,4819
515,0,1000.0,7284.233,0.4452805,true,4874
516,0,1000.0,417.14236,0.21447295,true,1265
517,0,1000.0,416.63852,0.38581228,true,1146
518,0,1000.0,418.04724,0.5993509,true,3681
519,0,1000.0,420.02505,0.9770563,true,1348
520,0,1000.0,417.39764,0.21483725,false,1084
521,0,1000.0,420.53476,0.9454046,true,2353
522,0,1000.0,1514.8163,0.7207231,true,4860
523,0,1000.0,417.30933,0.5013595,true,1270
524,0,1000.0,417.44302,0.17092454,true,1682
525,0,1000.0,433.43167,0.6539611,true,4029
526,0,1000.0,417.14456,0.18258494,false,1119
527,0,1000.0,416.77368,0.9990989,true,1124
528,0,1000.0,438.26688,0.8074722,true,4361
529,0,1000.0,418.51987,0.99541277,true,1439
530,0,1000.0,3140.29,0.5807983,true,4871
531,0,1000.0,424.05203,0.9221477,true,2220
532,0,1000.0,417.19394,0.043878555,true,1242
533,0,1000.0,416.9414,0.42524326,false,1193
534,0,1000.0,416.98203,0.889587,false,1167
535,0,1000.0,458.88098,0.8011029,true,3433
536,0,1000.0,1201.4924,0.7633533,true,4807
537,0,1000.0,417.49487,0.941901,false,1131
538,0,1000.0,416.6515,0.66748524,true,1272
539,0,1000.0,418.01437,0.17195159,true,1232
540,0,1000.0,429.84152,0.8628911,true,2696
541,0,1000.0,416.96265,0.041573286,false,1102
542,0,1000.0,416.97272,0.13981289,true,1160
543,0,1000.0,417.23074,0.5130539,false,1109
544,0,1000.0,417.50635,0.3379743,false,1193
545,0,1000.0,417.03238,0.8727279,false,1150
546,0,1000.0,416.77588,0.036581814,false,1167
547,0,1000.0,416.897,0.13384587,true,1467
548,0,1000.0,418.04123,0.40591043,false,1101
549,0,1000.0,416.9573,0.6568298,false,1126
550,0,1000.0,416.69498,0.3147415,true,1278
551,0,1000.0,417.15018,0.20667034,true,1222
552,0,1000.0,429.86856,0.92171156,true,2872
553,0,1000.0,552.62964,0.69163775,true,4422
554,0,1000.0,416.72647,0.14366853,false,1186
555,0,1000.0,2311.8135,0.38314152,true,2645
556,0,1000.0,417.53577,0.5904212,true,1723
557,0,1000.0,10614.323,0.50348794,true,4844
558,0,1000.0,1156.189,0.7828075,true,4776
559,0,1000.0,416.6847,0.6864493,true,4518
560,0,1000.0,3266.2515,0.7297954,true,4896
561,0,1000.0,417.87704,0.96497095,false,1107
562,0,1000.0,416.9415,0.23036909,false,1110
563,0,1000.0,417.74207,0.6210099,false,1052
564,0,1000.0,5826.4546,0.58724403,true,4860
565,0,1000.0,416.72623,0.44440752,false,1108
566,0,1000.0,429.47943,0.7719907,true,2607
567,0,1000.0,418.1725,0.6908689,false,1100
568,0,1000.0,2641.5117,0.46493846,true,4801
569,0,1000.0,416.6754,0.30353034,false,1079
570,0,1000.0,419.6479,0.808268,true,1861
571,0,1000.0,445.04395,0.7682633,true,3041
572,0,1000.0,416.8014,0.15699214,false,1118
573,0,1000.0,416.6682,0.30977744,false,1172
574,0,1000.0,418.829,0.5900611,true,3200
575,0,1000.0,416.7957,0.0037474632,true,1113
576,0,1000.0,416.67157,0.45262015,false,1081
577,0,1000.0,806.44934,0.7796038,true,4777
578,0,1000.0,3053.7253,0.74048394,true,4768
579,0,1000.0,417.6445,0.2192918,true,1217
580,0,1000.0,416.75208,0.7091838,false,1096
581,0,1000.0,417.0572,0.5192169,false,1105
582,0,1000.0,420.72055,0.69248086,true,4387
583,0,1000.0,419.2135,0.97575766,true,1251
584,0,1000.0,416.70544,0.74902725,false,1116
585,0,1000.0,420.31683,0.8791434,true,1475
586,0,1000.0,13877.601,0.4208992,true,4879
587,0,1000.0,450.3788,0.7561563,true,4163
588,0,1000.0,416.74905,0.58401114,true,2195
589,0,1000.0,417.13913,0.48903215,false,1122
590,0,1000.0,416.85703,0.097961724,true,1149
591,0,1000.0,417.30637,0.9560982,false,1090
592,0,1000.0,3684.3008,0.7216509,true,4857
593,0,1000.0,423.95844,0.48910058,true,2486
594,0,1000.0,417.4191,0.55104625,false,1104
595,0,1000.0,416.69223,0.62283766,false,1111
596,0,1000.0,418.16824,0.05676502,true,1166
597,0,1000.0,417.09894,0.32463002,true,2976
598,0,1000.0,575.673,0.6516795,true,3585
599,0,1000.0,416.94592,0.13432097,true,1174
600,0,1000.0,2465.415,0.6025398,true,4850
601,0,1000.0,416.7958,0.41991735,true,1130
602,0,1000.0,416.71622,0.014649391,false,1074
603,0,1000.0,417.3982,0.25964224,false,1111
604,0,1000.0,2560.8403,0.5649167,true,4867
605,0,1000.0,70592.02,0.29808736,true,4791
606,0,1000.0,417.45886,0.63614434,false,1044
607,0,1000.0,418.40137,0.29231483,false,1056
608,0,1000.0,419.30066,0.51420933,true,1210
609,0,1000.0,418.9955,0.96317434,true,1762
610,0,1000.0,416.6803,0.34982365,true,1363
611,0,1000.0,417.384,0.19776374,true,1092
612,0,1000.0,1580.5751,0.657855,true,4846
613,0,1000.0,9130.112,0.610877,true,4785
614,0,1000.0,416.91742,0.22972721,false,1108
615,0,1000.0,421.13547,0.9664454,true,2392
616,0,1000.0,416.83078,0.46820784,true,1393
617,0,1000.0,418.26727,0.98439455,true,1267
618,0,1000.0,417.0038,0.31892926,true,1213
619,0,1000.0,416.63135,0.6140012,true,1449
620,0,1000.0,417.26712,0.16928029,true,1184
621,0,1000.0,418.0317,0.94174963,false,1132
622,0,1000.0,416.6757,0.31284297,true,1332
623,0,1000.0,417.13882,0.5198511,false,1107
624,0,1000.0,628.293,0.8363379,true,4373
625,0,1000.0,417.25,0.051003635,true,1188
626,0,1000.0,417.67474,0.076082766,true,1159
627,0,1000.0,416.81967,0.045633197,true,1178
628,0,1000.0,417.1614,0.11225468,true,1126
629,0,1000.0,416.70807,0.2797724,false,1087
630,0,1000.0,417.59677,0.12178922,true,1136
631,0,1000.0,416.96713,0.6248959,false,1075
632,0,1000.0,460.28278,0.794535,true,3721
633,0,1000.0,416.97745,0.09544635,true,2087
634,0,1000.0,416.7536,0.4323243,true,1220
635,0,1000.0,457.6348,0.7654486,true,3810
636,0,1000.0,418.02673,0.796908,false,1068
637,0,1000.0,416.88434,0.5425234,false,1097
638,0,1000.0,417.1662,0.25024194,false,1093
639,0,1000.0,417.19046,0.6557776,false,1055
640,0,1000.0,416.96365,0.23940152,true,1060
641,0,1000.0,416.9393,0.11345917,true,1131
642,0,1000.0,418.81113,0.718441,true,4269
643,0,1000.0,20649.592,0.31693286,true,4786
644,0,1000.0,416.79062,0.67080057,false,1045
645,0,1000.0,416.8288,0.4794423,true,1320
646,0,1000.0,418.9537,0.49840683,true,1931
647,0,1000.0,445.78763,0.49129272,true,3320
648,0,1000.0,417.4477,0.6773979,false,1041
649,0,1000.0,13538.908,0.39749938,true,4904
650,0,1000.0,437.58008,0.74544674,true,2393
651,0,1000.0,417.17136,0.7096116,false,1056
652,0,1000.0,417.3772,0.38194197,false,1050
653,0,1000.0,416.7625,0.36033767,true,1228
654,0,1000.0,417.19205,0.06982738,true,1142
655,0,1000.0,416.6868,0.22775811,true,1119
656,0,1000.0,416.69824,0.5866891,true,4629
657,0,1000.0,428.02924,0.80533016,true,2770
658,0,1000.0,417.48447,0.36271816,false,1020
659,0,1000.0,416.81656,0.7745494,false,1019
660,0,1000.0,416.63602,0.56446594,false,1036
661,0,1000.0,440.3516,0.94905025,true,3106
662,0,1000.0,417.24722,0.61584896,false,1071
663,0,1000.0,417.03906,0.30208778,true,1067
664,0,1000.0,491.51807,0.75164807,true,4658
665,0,1000.0,417.4424,0.56376207,true,1831
666,0,1000.0,4411.879,0.11378682,true,4750
667,0,1000.0,417.2033,0.18000573,true,1096
668,0,1000.0,419.5556,0.8469619,true,2576
669,0,1000.0,5545.072,0.26227242,true,4847
670,0,1000.0,5905.1895,0.627739,true,4858
671,0,1000.0,417.27008,0.52502674,true,1041
672,0,1000.0,417.1121,0.07001507,true,1067
673,0,1000.0,416.7396,0.10755092,true,1079
674,0,1000.0,416.6932,0.48978782,false,983
675,0,1000.0,8617.734,0.60724634,true,4807
676,0,1000.0,417.84766,0.5834624,true,2994
677,0,1000.0,416.84332,0.61352426,false,1024
678,0,1000.0,417.17657,0.6764639,false,1039
679,0,1000.0,416.66623,0.52454114,false,1018
680,0,1000.0,14227.489,0.3327133,true,4830
681,0,1000.0,417.3998,0.4534514,true,1214
682,0,1000.0,416.71298,0.28056437,true,1094
683,0,1000.0,417.0306,0.58651143,false,1040
684,0,1000.0,417.9371,0.8070869,false,1032
685,0,1000.0,416.7632,0.44228524,false,1008
686,0,1000.0,417.59183,1.21593475E-4,true,1042
687,0,1000.0,417.0136,0.09936392,true,1039
688,0,1000.0,422.82373,0.47632098,true,4559
689,0,1000.0,418.35376,0.6094276,false,1023
690,0,1000.0,5745.156,0.523429,true,4776
691,0,1000.0,433.20755,0.49314016,true,3593
692,0,1000.0,433.6265,0.90634173,true,3470
693,0,1000.0,416.66492,0.4282831,false,997
694,0,1000.0,416.9782,0.93903077,true,1012
695,0,1000.0,417.59354,0.9826978,false,1033
696,0,1000.0,448.0255,0.8081993,true,4287
697,0,1000.0,433.43997,0.5190193,true,3346
698,0,1000.0,416.9735,0.5495805,false,980
699,0,1000.0,416.6396,0.20385063,true,1131
700,0,1000.0,417.16885,0.52407664,false,1063
701,0,1000.0,1406.1438,0.39093792,true,4863
702,0,1000.0,417.44293,0.71847636,false,1027
703,0,1000.0,417.16776,0.5160732,false,977
704,0,1000.0,417.94116,0.70427704,true,1275
705,0,1000.0,418.5636,0.040864646,false,1014
706,0,1000.0,417.3569,0.6281777,false,1058
707,0,1000.0,433.30704,0.91317713,true,2229
708,0,1000.0,418.59198,0.17909712,false,1084
709,0,1000.0,439.8324,0.47396314,true,3285
710,0,1000.0,418.24887,0.07911092,false,1009
711,0,1000.0,452.6802,0.73336405,true,4697
712,0,1000.0,416.73047,0.27949113,true,1098
713,0,1000.0,417.07172,0.46337932,false,1021
714,0,1000.0,416.88437,0.708069,false,1031
715,0,1000.0,416.86572,0.6100631,false,1024
716,0,1000.0,416.74606,0.11043328,false,1007
717,0,1000.0,417.9073,0.115122795,false,1027
718,0,1000.0,417.17007,0.25501275,true,1076
719,0,1000.0,418.238,0.35495794,true,1229
720,0,1000.0,417.97647,0.53088367,false,995
721,0,1000.0,416.97458,0.054591358,true,984
722,0,1000.0,418.36584,0.75717854,true,1609
723,0,1000.0,416.858,0.71461,true,4212
724,0,1000.0,418.3482,0.8442649,false,1019
725,0,1000.0,417.9797,0.3011446,true,1020
726,0,1000.0,429.94583,0.7993998,true,2732
727,0,1000.0,417.24356,0.1920842,false,1005
728,0,1000.0,417.6649,0.45335495,false,959
729,0,1000.0,416.65875,0.14713311,true,1053
730,0,1000.0,417.58606,0.19954813,true,1012
731,0,1000.0,417.40057,0.37498337,true,3128
732,0,1000.0,421.1739,0.9835028,true,1708
733,0,1000.0,416.79758,0.6077897,true,1265
734,0,1000.0,425.9151,0.7580001,true,2389
735,0,1000.0,416.8383,0.46129745,true,1113
736,0,1000.0,832.8568,0.62807316,true,4321
737,0,1000.0,417.22766,0.25838846,false,983
738,0,1000.0,416.7282,0.9500361,true,1026
739,0,1000.0,442.1776,0.9244742,true,3183
740,0,1000.0,451.36774,0.72002625,true,4654
741,0,1000.0,416.9791,0.52507836,true,1691
742,0,1000.0,844.34265,0.69007826,true,4756
743,0,1000.0,1101.6185,0.5091171,true,4864
744,0,1000.0,419.7293,0.78353953,true,1811
745,0,1000.0,2061.7974,0.7457971,true,4959
746,0,1000.0,432.86722,0.54667187,true,2921
747,0,1000.0,417.24997,0.9987171,true,1225
748,0,1000.0,422.58423,0.56957674,true,2358
749,0,1000.0,416.7021,0.5676722,false,1050
750,0,1000.0,416.64502,0.037118673,true,1095
751,0,1000.0,8864.174,0.446824,true,4838
752,0,1000.0,440.2355,0.829311,true,2879
753,0,1000.0,416.69635,0.49731463,false,1067
754,0,1000.0,431.87207,0.88066685,true,3956
755,0,1000.0,424.10553,0.81306463,true,1949
756,0,1000.0,417.7368,0.82930833,false,1144
757,0,1000.0,4883.5337,0.67041236,true,4948
758,0,1000.0,416.6964,0.33916432,true,1151
759,0,1000.0,416.76764,0.19541258,true,1120
760,0,1000.0,423.954,0.8623777,true,3029
761,0,1000.0,417.1366,0.15702891,false,1109
762,0,1000.0,417.58655,0.024081826,true,1150
763,0,1000.0,416.8562,0.100117624,true,1124
764,0,1000.0,416.98984,0.25799358,false,1120
765,0,1000.0,416.90277,0.36901426,false,1130
766,0,1000.0,417.58798,0.79881203,true,3493
767,0,1000.0,417.76404,0.44069934,true,1139
768,0,1000.0,7319.113,0.6461978,true,4846
769,0,1000.0,1415.117,0.3859331,true,4816
770,0,1000.0,5330.3076,0.6551503,true,4874
771,0,1000.0,416.89737,0.20741218,true,1094
772,0,1000.0,417.26004,0.47888637,true,3712
773,0,1000.0,417.26846,0.26591825,true,1096
774,0,1000.0,1315.1034,0.6928645,true,4845
775,0,1000.0,419.01624,0.99858814,true,1172
776,0,1000.0,416.88095,0.062388003,false,1098
777,0,1000.0,2025.1416,0.6578541,true,4874
778,0,1000.0,417.10413,0.5812585,true,2205
779,0,1000.0,445.58978,0.8552626,true,3104
780,0,1000.0,417.10825,0.6052404,false,1059
781,0,1000.0,416.72485,0.28129685,false,1094
782,0,1000.0,417.3954,0.13163769,false,1111
783,0,1000.0,416.94028,0.09049088,false,1051
784,0,1000.0,426.14655,0.03507048,true,2174
785,0,1000.0,416.664,0.0905382,true,1153
786,0,1000.0,446.75552,0.8595809,true,3561
787,0,1000.0,416.76816,0.054760456,true,1109
788,0,1000.0,417.0939,0.5884847,false,1077
789,0,1000.0,417.48254,0.18921793,false,1102
790,0,1000.0,4867.4116,0.6659255,true,4844
791,0,1000.0,416.6827,0.028905392,true,1045
792,0,1000.0,417.5248,0.42787623,false,1106
793,0,1000.0,436.39755,0.8118924,true,2730
794,0,1000.0,416.9059,0.015372992,true,1140
795,0,1000.0,443.1347,0.68593043,true,3502
796,0,1000.0,433.6298,0.7890545,true,2575
797,0,1000.0,422.26913,0.9389644,true,2596
798,0,1000.0,416.98932,0.24161953,true,1188
799,0,1000.0,1418.1299,0.8131487,true,4840
800,0,1000.0,416.88885,0.41360414,false,1092
801,0,1000.0,421.2748,0.36138195,true,4182
802,0,1000.0,467.0761,0.85791934,true,3949
803,0,1000.0,417.22495,0.23604184,true,1200
804,0,1000.0,417.49396,0.26987892,true,1106
805,0,1000.0,10921.852,0.26151013,true,4836
806,0,1000.0,416.69043,0.0019860268,true,1136
807,0,1000.0,416.73334,0.13524693,true,1095
808,0,1000.0,444.5752,0.8165371,true,3474
809,0,1000.0,417.95618,0.62658465,false,1118
810,0,1000.0,417.584,0.39413863,true,1108
811,0,1000.0,422.25876,0.19807696,true,2664
812,0,1000.0,417.0953,0.3125248,true,1124
813,0,1000.0,417.69873,0.061151683,true,1106
814,0,1000.0,416.63672,0.4375987,true,1118
815,0,1000.0,416.99496,0.29598176,true,1036
816,0,1000.0,421.04285,0.9274134,true,2107
817,0,1000.0,429.36465,0.8149007,true,3932
818,0,1000.0,416.7235,0.3398444,true,1340
819,0,1000.0,8259.894,0.6293548,true,4944
820,0,1000.0,416.8102,0.6559968,false,1075
821,0,1000.0,417.3813,0.09229696,false,1056
822,0,1000.0,417.88223,0.38392782,true,1096
823,0,1000.0,418.28787,0.53109246,false,1051
824,0,1000.0,419.02667,0.2910555,false,1034
825,0,1000.0,419.7248,0.9604193,true,2117
826,0,1000.0,591.02,0.7286624,true,4818
827,0,1000.0,417.2305,0.37031204,true,1694
828,0,1000.0,424.0028,0.95819354,true,2696
829,0,1000.0,416.66486,0.42140973,true,1122
830,0,1000.0,417.4065,0.36658555,true,1278
831,0,1000.0,417.2481,0.24763471,true,1103
832,0,1000.0,425.30246,0.966654,true,2400
833,0,1000.0,417.27338,0.46594143,false,1059
834,0,1000.0,416.73367,0.11860412,false,1047
835,0,1000.0,6825.128,0.42343968,true,4887
836,0,1000.0,416.73776,0.98002034,false,1026
837,0,1000.0,418.73975,0.17411041,true,2255
838,0,1000.0,418.10257,0.79422766,false,1053
839,0,1000.0,416.6418,0.67049557,false,1058
840,0,1000.0,2012.0975,0.7607086,true,4845
841,0,1000.0,417.3251,0.18015867,false,1017
842,0,1000.0,419.26834,0.89629656,true,1533
843,0,1000.0,418.59735,0.99237597,true,1305
844,0,1000.0,418.55328,0.9921578,true,1576
845,0,1000.0,416.735,0.06743312,false,1146
846,0,1000.0,417.14243,0.49911112,true,1309
847,0,1000.0,416.92575,0.39906442,true,1382
848,0,1000.0,430.20056,0.9326246,true,3013
849,0,1000.0,428.12155,0.50998855,true,2449
850,0,1000.0,417.2625,0.17886788,true,1374
851,0,1000.0,416.91342,0.68115586,false,1113
852,0,1000.0,416.7474,0.90448713,false,1064
853,0,1000.0,416.8747,0.22723907,false,1099
854,0,1000.0,429.04288,0.12530863,true,2674
855,0,1000.0,416.91174,0.37406045,true,1186
856,0,1000.0,433.72137,0.8729667,true,3123
857,0,1000.0,416.67755,0.06806582,false,1129
858,0,1000.0,431.57745,0.8134901,true,2989
859,0,1000.0,416.8201,0.35361624,true,1221
860,0,1000.0,463.69208,0.61817116,true,3713
861,0,1000.0,416.6649,0.790786,false,1158
862,0,1000.0,452.02344,0.8645786,true,3745
863,0,1000.0,437.3667,0.7545164,true,4610
864,0,1000.0,485.79504,0.2543679,true,4386
865,0,1000.0,416.96338,0.35539037,true,1615
866,0,1000.0,418.788,0.97457737,true,1305
867,0,1000.0,416.9989,0.15295804,false,1133
868,0,1000.0,416.89886,0.100391984,true,1639
869,0,1000.0,469.38004,0.79445446,true,4015
870,0,1000.0,417.2877,0.039892018,true,1194
871,0,1000.0,416.66434,0.2049182,true,1230
872,0,1000.0,416.8869,0.15509546,false,1093
873,0,1000.0,416.63922,0.97913104,false,1125
874,0,1000.0,478.16837,0.8586407,true,3733
875,0,1000.0,417.81842,0.1814639,false,1085
876,0,1000.0,474.92133,0.68174493,true,4042
877,0,1000.0,444.36475,0.84662914,true,2813
878,0,1000.0,416.89075,0.036615074,true,1109
879,0,1000.0,417.58542,0.09250146,true,2682
880,0,1000.0,417.20755,0.65527266,false,1104
881,0,1000.0,447.10034,0.9055858,true,3997
882,0,1000.0,419.12164,0.9767987,true,1673
883,0,1000.0,416.85977,0.3403728,true,1279
884,0,1000.0,416.7955,0.0762884,true,1267
885,0,1000.0,417.1222,0.085737824,false,1116
886,0,1000.0,416.73868,0.08134848,true,1242
887,0,1000.0,416.7016,0.094703496,true,1147
888,0,1000.0,416.94583,0.40575713,false,1096
889,0,1000.0,417.18143,0.24829835,false,1130
890,0,1000.0,416.94812,0.54494554,true,2047
891,0,1000.0,416.6547,0.8299102,false,1162
892,0,1000.0,416.76813,0.6242502,false,1133
893,0,1000.0,426.86917,0.9234458,true,2990
894,0,1000.0,416.66562,0.36842275,true,1605
895,0,1000.0,416.9609,0.71677226,false,1114
896,0,1000.0,417.08264,0.669675,false,1069
897,0,1000.0,417.06113,0.09133065,true,1163
898,0,1000.0,435.75287,0.4715736,true,3067
899,0,1000.0,432.6588,0.8094752,true,2961
900,0,1000.0,417.3476,0.25739014,true,1123
901,0,1000.0,416.88608,0.07300657,false,1131
902,0,1000.0,416.98358,0.03404987,true,1097
903,0,1000.0,416.96127,0.21953112,true,1181
904,0,1000.0,417.005,0.336612,false,1128
905,0,1000.0,416.65598,0.8476921,false,1094
906,0,1000.0,416.64725,0.44325376,false,1105
907,0,1000.0,1420.7936,0.71798325,true,4904
908,0,1000.0,421.98895,0.68701893,true,2281
909,0,1000.0,455.95267,0.36276907,true,2975
910,0,1000.0,416.81097,0.478131,false,1124
911,0,1000.0,416.8109,0.45729995,false,1103
912,0,1000.0,417.86768,0.40945995,true,2157
913,0,1000.0,579.7811,0.6529244,true,4619
914,0,1000.0,431.59512,0.6077711,true,3283
915,0,1000.0,441.8396,0.7543655,true,4121
916,0,1000.0,417.31995,0.314673,true,4146
917,0,1000.0,432.3365,0.8348409,true,2811
918,0,1000.0,428.0208,0.5337208,true,2986
919,0,1000.0,416.63763,0.12597263,false,1088
920,0,1000.0,417.4712,0.4639203,false,1051
921,0,1000.0,417.96445,0.2938435,false,1086
922,0,1000.0,416.7928,0.35491735,false,1056
923,0,1000.0,417.21115,0.018224359,true,1083
924,0,1000.0,418.03183,0.36544597,false,1071
925,0,1000.0,417.19296,0.6289079,false,1102
926,0,1000.0,416.86456,0.9841476,false,1072
927,0,1000.0,416.83575,0.9212505,false,1075
928,0,1000.0,416.67032,0.5806632,false,1119
929,0,1000.0,416.69244,0.17243677,true,1161
930,0,1000.0,416.9584,0.69493914,false,1051
931,0,1000.0,424.61057,0.81064534,true,3975
932,0,1000.0,417.2315,0.7439761,false,1075
933,0,1000.0,1914.7534,0.15121019,true,4830
934,0,1000.0,426.85385,0.92779005,true,2345
935,0,1000.0,416.70062,0.107032716,true,1073
936,0,1000.0,7222.299,0.25014347,true,4889
937,0,1000.0,417.16452,0.8049173,false,1091
938,0,1000.0,417.21185,0.734643,false,1048
939,0,1000.0,424.26886,0.59516495,true,1937
940,0,1000.0,417.90924,0.11309016,true,1072
941,0,1000.0,416.67386,0.028673947,true,1268
942,0,1000.0,1314.6589,0.49051023,true,4815
943,0,1000.0,416.90884,0.9939617,false,1083
944,0,1000.0,419.84503,0.7500724,true,3243
945,0,1000.0,11352.092,0.35593402,true,4842
946,0,1000.0,2937.4695,0.75115603,true,4875
947,0,1000.0,416.67413,0.118894815,true,1074
948,0,1000.0,433.77582,0.6951035,true,3084
949,0,1000.0,417.63693,0.3481999,true,1100
950,0,1000.0,416.71692,0.3857423,false,1010
951,0,1000.0,416.98828,0.828126,false,1069
952,0,1000.0,417.16745,0.49554598,true,1154
953,0,1000.0,416.78357,0.7079382,false,1081
954,0,1000.0,417.3744,0.36334354,true,1062
955,0,1000.0,1309.4037,0.19380265,true,4226
956,0,1000.0,416.83133,0.2957763,false,1108
957,0,1000.0,417.43213,0.6811079,false,978
958,0,1000.0,421.2272,0.8222383,true,1740
959,0,1000.0,3844.3901,0.58991903,true,4826
960,0,1000.0,417.1188,0.86182904,false,1037
961,0,1000.0,417.40454,0.56570596,true,3185
962,0,1000.0,418.52966,0.30088216,true,2567
963,0,1000.0,2643.8303,0.63814855,true,4896
964,0,1000.0,417.07385,0.05092597,false,1063
965,0,1000.0,416.73447,0.3927377,false,1053
966,0,1000.0,416.73453,0.2594695,true,1067
967,0,1000.0,416.87656,0.20305347,false,1049
968,0,1000.0,419.52286,0.9797965,true,1674
969,0,1000.0,417.40317,0.09601742,true,1134
970,0,1000.0,416.95328,0.27098978,true,1173
971,0,1000.0,426.2667,0.8780783,true,2474
972,0,1000.0,417.59552,0.39569634,false,1044
973,0,1000.0,416.7366,0.73720616,false,1003
974,0,1000.0,416.978,0.5106844,true,2110
975,0,1000.0,417.32108,0.65373296,false,1022
976,0,1000.0,416.87875,0.004029751,true,1076
977,0,1000.0,544.60474,0.60249203,true,4593
978,0,1000.0,417.30374,0.4228114,false,1065
979,0,1000.0,781.9522,0.7093725,true,4474
980,0,1000.0,418.05713,0.7564823,true,1927
981,0,1000.0,416.70532,0.23732042,true,1488
982,0,1000.0,5129.359,0.69362265,true,4767
983,0,1000.0,417.184,0.51997906,true,1064
984,0,1000.0,416.8362,0.35356998,false,1007
985,0,1000.0,421.18512,0.73557955,true,2049
986,0,1000.0,416.68533,0.9094615,false,1023
987,0,1000.0,416.74332,0.71935225,false,999
988,0,1000.0,418.83682,0.46551132,true,3010
989,0,1000.0,428.4103,0.8496476,true,3254
990,0,1000.0,10822.851,0.5288857,true,4888
991,0,1000.0,13052.854,0.4111151,true,4905
992,0,1000.0,416.6683,0.4253279,false,1069
993,0,1000.0,420.74808,0.7377082,true,2029
994,0,1000.0,417.3929,0.047722638,true,1056
995,0,1000.0,427.94995,0.86894065,true,2492
996,0,1000.0,417.54724,0.39808095,false,979
997,0,1000.0,416.97867,0.41474038,false,993
998,0,1000.0,417.0291,0.48596317,false,1015
999,0,1000.0,418.62518,0.8174062,true,2466
